-400 000,-400 000,-36 490
-400 000,-390 000,-36 490
-400 000,-380 000,-36 490
-400 000,-370 000,-36 490
-400 000,-360 000,-36 490
-400 000,-350 000,-36 490
-400 000,-340 000,-34 150,008
-400 000,-330 000,-36 490
-400 000,-320 000,-36 490
-400 000,-310 000,-36 490
-400 000,-300 000,-36 490
-400 000,-290 000,-36 490
-400 000,-280 000,-36 490
-400 000,-270 000,-36 490
-400 000,-260 000,-36 490
-400 000,-250 000,-36 490
-400 000,-240 000,-36 490
-400 000,-230 000,-36 490
-400 000,-220 000,-36 490
-400 000,-210 000,-36 490
-400 000,-200 000,-36 490
-400 000,-190 000,-36 490
-400 000,-180 000,-36 490
-400 000,-170 000,-36 490
-400 000,-160 000,-36 490
-400 000,-150 000,-36 490
-400 000,-140 000,-36 490
-400 000,-130 000,-36 490
-400 000,-120 000,-36 490
-400 000,-110 000,-36 490
-400 000,-100 000,-36 490
-400 000,-90 000,-36 490
-400 000,-80 000,-36 490
-400 000,-70 000,-36 490
-400 000,-60 000,-36 490
-400 000,-50 000,-36 490
-400 000,-40 000,-36 490
-400 000,-30 000,-36 490
-400 000,-20 000,-36 490
-400 000,-10 000,006,-35 682,816
-400 000,0,-36 490
-400 000,10 000,-36 490
-400 000,20 000,-36 490
-400 000,30 000,-36 490
-400 000,40 000,-36 490
-400 000,50 000,-36 490
-400 000,60 000,-36 490
-400 000,70 000,-36 490
-400 000,80 000,-36 490
-400 000,90 000,-36 490
-400 000,100 000,-36 490
-400 000,110 000,-36 490
-400 000,120 000,-36 490
-400 000,130 000,-36 490
-400 000,140 000,-36 490
-400 000,150 000,-36 490
-400 000,160 000,-36 490
-400 000,170 000,-36 490
-400 000,180 000,-36 490
-400 000,190 000,-36 490
-400 000,200 000,-36 490
-400 000,210 000,-36 490
-400 000,220 000,-36 490
-400 000,230 000,-36 490
-400 000,240 000,-36 490
-400 000,250 000,-36 490
-400 000,260 000,-36 490
-400 000,270 000,-36 490
-400 000,280 000,-36 490
-400 000,290 000,-36 490
-400 000,300 000,-36 490
-400 000,310 000,-36 490
-400 000,320 000,-36 490
-400 000,330 000,-36 490
-400 000,340 000,-36 490
-400 000,350 000,-36 490
-400 000,360 000,-36 490
-400 000,370 000,-36 490
-400 000,380 000,-36 490
-400 000,390 000,-36 490
-400 000,400 000,-36 490
-390 000,-400 000,-36 490
-390 000,-390 000,-36 490
-390 000,-380 000,-36 490
-390 000,-370 000,-36 490
-390 000,-360 000,-36 490
-390 000,-350 000,-36 490
-390 000,-340 000,-36 490
-390 000,-330 000,-36 490
-390 000,-320 000,-36 490
-390 000,-310 000,-36 490
-390 000,-300 000,-36 490
-390 000,-290 000,-36 490
-390 000,-280 000,-36 490
-390 000,-270 000,-36 490
-390 000,-260 000,-36 490
-390 000,-250 000,-36 490
-390 000,-240 000,-36 490
-390 000,-230 000,-36 490
-390 000,-220 000,-36 490
-390 000,-210 000,-36 490
-390 000,-200 000,-36 490
-390 000,-190 000,-36 490
-390 000,-180 000,-36 490
-390 000,-170 000,-36 490
-390 000,-160 000,-36 490
-390 000,-150 000,-36 490
-390 000,-140 000,-36 490
-390 000,-130 000,-36 490
-390 000,-120 000,-36 490
-390 000,-110 000,-36 490
-390 000,-100 000,-36 490
-390 000,-90 000,-36 490
-390 000,-80 000,-36 490
-390 000,-70 000,-36 490
-390 000,-60 000,-36 490
-390 000,-50 000,-36 490
-390 000,-40 000,-36 490
-390 000,-30 000,006,-35 460,945
-390 000,-20 000,-36 490
-390 000,-10 000,004,-33 698,438
-390 000,0,-36 490
-390 000,9 999,992,-35 604,688
-390 000,20 000,-36 490
-390 000,30 000,-36 490
-390 000,39 999,992,-35 560,938
-390 000,50 000,-36 490
-390 000,60 000,-36 490
-390 000,70 000,-36 490
-390 000,80 000,-32 112,506
-390 000,90 000,-36 490
-390 000,100 000,-36 490
-390 000,110 000,-36 490
-390 000,120 000,-36 490
-390 000,130 000,-36 490
-390 000,140 000,-36 490
-390 000,150 000,-36 490
-390 000,160 000,-36 490
-390 000,170 000,-36 490
-390 000,180 000,-36 490
-390 000,190 000,-36 490
-390 000,200 000,-36 490
-390 000,210 000,-36 490
-390 000,220 000,-36 490
-390 000,230 000,-36 490
-390 000,240 000,-36 490
-390 000,250 000,-36 490
-390 000,260 000,-36 490
-390 000,270 000,-36 490
-390 000,280 000,-36 490
-390 000,290 000,-36 490
-390 000,300 000,031,-35 390,602
-390 000,310 000,-34 874,996
-390 000,320 000,031,-35 551,578
-390 000,330 000,031,-36 298,441
-390 000,340 000,-36 490
-390 000,350 000,-36 490
-390 000,360 000,-35 768,738
-390 000,370 000,031,-35 664,07
-390 000,380 000,031,-35 278,133
-390 000,390 000,031,-36 328,129
-390 000,400 000,-36 490
-380 000,-400 000,-36 490
-380 000,-390 000,-36 490
-380 000,-380 000,-36 490
-380 000,-370 000,-34 610,945
-380 000,-360 000,-36 490
-380 000,-350 000,-36 490
-380 000,-340 000,-36 490
-380 000,-330 000,-36 490
-380 000,-320 000,-32 060,949
-380 000,-310 000,-36 490
-380 000,-300 000,-36 490
-380 000,-290 000,-36 490
-380 000,-280 000,-36 490
-380 000,-270 000,-36 490
-380 000,-260 000,-36 490
-380 000,-250 000,-36 490
-380 000,-240 000,-36 490
-380 000,-230 000,-36 490
-380 000,-220 000,-36 490
-380 000,-210 000,-36 490
-380 000,-200 000,-36 490
-380 000,-190 000,-36 490
-380 000,-180 000,-36 490
-380 000,-170 000,-36 490
-380 000,-160 000,-36 490
-380 000,-150 000,-36 490
-380 000,-140 000,-36 490
-380 000,-130 000,-36 490
-380 000,-120 000,-36 490
-380 000,-110 000,-36 490
-380 000,-100 000,-36 490
-380 000,-90 000,-35 718,762
-380 000,-80 000,-36 490
-380 000,-70 000,-36 490
-380 000,-60 000,008,-25 614,076
-380 000,-50 000,-36 490
-380 000,-40 000,-36 490
-380 000,-30 000,004,-29 032,816
-380 000,-20 000,-36 490
-380 000,-10 000,004,-25 285,939
-380 000,-0,004,-33 678,121
-380 000,9 999,992,-30 303,125
-380 000,19 999,996,-29 320,316
-380 000,30 000,-36 490
-380 000,39 999,992,-36 304,691
-380 000,50 000,-36 490
-380 000,60 000,-36 490
-380 000,69 999,984,-36 185,922
-380 000,80 000,-36 490
-380 000,90 000,-36 490
-380 000,100 000,-36 490
-380 000,110 000,-36 490
-380 000,120 000,-36 490
-380 000,130 000,-36 490
-380 000,140 000,-36 490
-380 000,149 999,984,-34 342,191
-380 000,160 000,-36 031,254
-380 000,170 000,-36 490
-380 000,179 999,984,-36 253,129
-380 000,190 000,-36 490
-380 000,200 000,-36 475
-380 000,210 000,-35 634,379
-380 000,220 000,-36 490
-380 000,230 000,-36 490
-380 000,240 000,-36 490
-380 000,250 000,-36 490
-380 000,260 000,-36 490
-380 000,269 999,969,-33 934,379
-380 000,280 000,-34 040,625
-380 000,290 000,031,-34 137,504
-380 000,300 000,031,-33 442,188
-380 000,310 000,-32 318,752
-380 000,320 000,031,-31 946,879
-380 000,330 000,031,-31 296,875
-380 000,340 000,-32 165,629
-380 000,350 000,-33 853,125
-380 000,360 000,-34 429,688
-380 000,370 000,031,-34 325,008
-380 000,380 000,031,-34 585,934
-380 000,390 000,-36 428,148
-380 000,400 000,-36 490
-370 000,-400 000,-36 490
-370 000,-390 000,-36 490
-370 000,-380 000,-35 854,699
-370 000,-370 000,-32 653,121
-370 000,-360 000,-36 490
-370 000,-350 000,-36 490
-370 000,-340 000,-36 490
-370 000,-330 000,-35 734,387
-370 000,-320 000,-35 089,062
-370 000,-310 000,-31 910,949
-370 000,-300 000,-28 445,324
-370 000,-290 000,-24 945,312
-370 000,-279 999,969,-23 617,178
-370 000,-270 000,-18 993,754
-370 000,-260 000,-17 950
-370 000,-249 999,984,-22 142,203
-370 000,-240 000,-23 253,133
-370 000,-230 000,-31 517,195
-370 000,-220 000,-36 490
-370 000,-210 000,-36 490
-370 000,-200 000,-33 939,066
-370 000,-190 000,-35 956,266
-370 000,-180 000,-36 490
-370 000,-170 000,-36 490
-370 000,-160 000,-36 490
-370 000,-150 000,-36 490
-370 000,-140 000,-36 490
-370 000,-130 000,008,-23 106,258
-370 000,-120 000,008,-26 932,814
-370 000,-110 000,-30 379,693
-370 000,-99 999,992,-15 990,596
-370 000,-90 000,-31 117,207
-370 000,-80 000,-36 490
-370 000,-70 000,-36 490
-370 000,-60 000,008,-23 749,998
-370 000,-50 000,-36 490
-370 000,-40 000,004,-27 423,441
-370 000,-30 000,004,-23 914,061
-370 000,-20 000,01,-34 465,637
-370 000,-10 000,004,-24 887,502
-370 000,0,-36 490
-370 000,9 999,99,-31 992,195
-370 000,20 000,-21 314,062
-370 000,29 999,99,-33 476,609
-370 000,40 000,-36 490
-370 000,49 999,992,-35 198,434
-370 000,60 000,-36 490
-370 000,70 000,-36 490
-370 000,80 000,-36 490
-370 000,90 000,-36 490
-370 000,100 000,-36 490
-370 000,109 999,984,-26 253,117
-370 000,120 000,-36 490
-370 000,130 000,-29 181,252
-370 000,140 000,-18 931,25
-370 000,149 999,984,-12 357,816
-370 000,160 000,-24 256,281
-370 000,170 000,-36 217,188
-370 000,179 999,984,-36 139,066
-370 000,190 000,-36 368,754
-370 000,200 000,-36 395,312
-370 000,210 000,-33 982,816
-370 000,219 999,984,-32 292,188
-370 000,230 000,016,-32 832,812
-370 000,239 999,984,-34 699,992
-370 000,249 999,984,-34 612,5
-370 000,260 000,-34 307,816
-370 000,269 999,969,-33 789,07
-370 000,280 000,-32 467,189
-370 000,290 000,031,-32 592,189
-370 000,300 000,031,-32 432,811
-370 000,310 000,-30 906,252
-370 000,320 000,031,-28 181,248
-370 000,330 000,031,-27 960,941
-370 000,340 000,-31 484,375
-370 000,350 000,-33 268,754
-370 000,360 000,-34 573,438
-370 000,370 000,031,-36 242,188
-370 000,380 000,031,-36 226,562
-370 000,390 000,-36 490
-370 000,400 000,-36 490
-360 000,-400 000,-36 490
-360 000,-390 000,-36 490
-360 000,-380 000,-36 412,512
-360 000,-370 000,-32 015,629
-360 000,-360 000,-29 814,062
-360 000,-350 000,-30 504,691
-360 000,-340 000,-27 345,301
-360 000,-330 000,-28 239,08
-360 000,-320 000,-20 125,016
-360 000,-309 999,969,-14 921,871
-360 000,-300 000,-16 153,125
-360 000,-290 000,-14 004,69
-360 000,-279 999,969,-9 351,551
-360 000,-270 000,-5 689,064
-360 000,-260 000,-3 931,249
-360 000,-249 999,969,-9 639,072
-360 000,-240 000,-13 512,505
-360 000,-229 999,984,-14 782,809
-360 000,-220 000,-26 546,879
-360 000,-210 000,-24 354,688
-360 000,-200 000,-14 857,811
-360 000,-190 000,-20 471,879
-360 000,-180 000,016,-35 112,523
-360 000,-170 000,031,-23 093,766
-360 000,-160 000,-21 059,375
-360 000,-150 000,031,-16 210,941
-360 000,-140 000,-17 515,596
-360 000,-130 000,008,-19 293,742
-360 000,-120 000,-15 482,814
-360 000,-109 999,992,-16 495,311
-360 000,-99 999,992,-12 789,062
-360 000,-89 999,992,-18 276,547
-360 000,-80 000,-15 653,124
-360 000,-70 000,-20 703,129
-360 000,-60 000,-15 315,63
-360 000,-50 000,-36 490
-360 000,-40 000,004,-20 907,812
-360 000,-30 000,002,-23 187,5
-360 000,-20 000,-36 490
-360 000,-10 000,-22 634,375
-360 000,-0,004,-35 014,066
-360 000,9 999,992,-27 384,383
-360 000,19 999,996,-27 503,123
-360 000,30 000,-36 490
-360 000,39 999,992,-30 910,926
-360 000,50 000,-36 490
-360 000,60 000,-36 490
-360 000,70 000,-36 490
-360 000,80 000,-30 667,184
-360 000,90 000,-28 528,125
-360 000,100 000,-29 359,375
-360 000,109 999,984,-36 128,113
-360 000,119 999,984,-30 409,4
-360 000,130 000,-10 528,125
-360 000,140 000,-13 170,312
-360 000,149 999,984,-22 637,502
-360 000,160 000,-23 598,443
-360 000,170 000,-35 379,688
-360 000,179 999,984,-35 500,004
-360 000,190 000,-33 764,066
-360 000,200 000,-30 909,375
-360 000,210 000,-27 800,004
-360 000,219 999,984,-29 732,812
-360 000,230 000,016,-30 378,123
-360 000,239 999,984,-29 704,688
-360 000,249 999,984,-30 935,938
-360 000,260 000,-33 159,383
-360 000,269 999,969,-32 284,379
-360 000,280 000,-30 814,068
-360 000,290 000,031,-30 359,379
-360 000,300 000,031,-29 843,75
-360 000,310 000,-28 660,939
-360 000,320 000,031,-26 417,186
-360 000,330 000,031,-24 190,631
-360 000,340 000,-28 264,059
-360 000,350 000,-32 435,938
-360 000,359 999,969,-36 215,633
-360 000,370 000,-36 490
-360 000,380 000,-36 490
-360 000,390 000,-36 490
-360 000,400 000,-36 490
-350 000,-400 000,-36 490
-350 000,-390 000,-36 490
-350 000,-380 000,-32 565,623
-350 000,-370 000,-29 784,383
-350 000,-360 000,-25 973,441
-350 000,-350 000,-22 942,188
-350 000,-340 000,-25 921,877
-350 000,-330 000,-17 584,385
-350 000,-320 000,-9 779,696
-350 000,-309 999,969,-1 337,52
-350 000,-300 000,-1 782,814
-350 000,-290 000,-1 049,998
-350 000,-279 999,969,2 887,502
-350 000,-270 000,1 904,684
-350 000,-260 000,2 546,879
-350 000,-249 999,969,3 492,187
-350 000,-239 999,984,-293,753
-350 000,-229 999,984,-2 462,498
-350 000,-219 999,984,-7 137,503
-350 000,-209 999,984,-6 068,752
-350 000,-200 000,-18 503,129
-350 000,-190 000,-15 278,123
-350 000,-180 000,-9 337,5
-350 000,-170 000,016,-3 012,521
-350 000,-160 000,-4 624,995
-350 000,-150 000,016,-1 945,312
-350 000,-139 999,984,-218,747
-350 000,-130 000,-123,438
-350 000,-120 000,1 475,003
-350 000,-109 999,984,5 459,377
-350 000,-99 999,992,-400,002
-350 000,-89 999,992,-4 267,192
-350 000,-80 000,-9 084,375
-350 000,-70 000,-9 412,5
-350 000,-60 000,004,-7 118,753
-350 000,-50 000,-14 842,188
-350 000,-40 000,-13 979,686
-350 000,-30 000,004,-29 412,492
-350 000,-20 000,008,-28 517,203
-350 000,-10 000,003,-25 723,441
-350 000,-0,004,-32 428,125
-350 000,9 999,994,-27 071,895
-350 000,19 999,998,-26 718,75
-350 000,29 999,992,-27 565,631
-350 000,39 999,992,-26 928,125
-350 000,50 000,-36 490
-350 000,59 999,992,-36 450
-350 000,69 999,984,-33 359,391
-350 000,80 000,-24 607,816
-350 000,90 000,-26 481,25
-350 000,100 000,-30 189,064
-350 000,109 999,984,-31 248,447
-350 000,119 999,992,-15 787,519
-350 000,130 000,-2 851,564
-350 000,140 000,-5 645,312
-350 000,149 999,984,-22 404,684
-350 000,160 000,-27 671,885
-350 000,170 000,-31 887,504
-350 000,179 999,984,-33 090,637
-350 000,190 000,-31 749,998
-350 000,200 000,-26 654,686
-350 000,210 000,-28 170,32
-350 000,219 999,984,-29 684,375
-350 000,230 000,016,-28 432,807
-350 000,239 999,984,-26 748,438
-350 000,249 999,984,-27 314,064
-350 000,260 000,-29 653,127
-350 000,269 999,969,-27 062,512
-350 000,280 000,-25 545,316
-350 000,290 000,031,-24 939,061
-350 000,300 000,031,-22 206,244
-350 000,310 000,-22 854,691
-350 000,320 000,031,-21 278,125
-350 000,330 000,031,-20 125,006
-350 000,340 000,-25 395,305
-350 000,350 000,-31 248,436
-350 000,360 000,-35 890,613
-350 000,370 000,031,-36 342,195
-350 000,380 000,-36 490
-350 000,390 000,031,-34 160,93
-350 000,400 000,-36 490
-340 000,-400 000,-36 490
-340 000,-389 999,969,-32 732,799
-340 000,-380 000,-31 209,385
-340 000,-370 000,-28 232,818
-340 000,-360 000,-23 501,564
-340 000,-350 000,-19 445,318
-340 000,-340 000,-13 848,438
-340 000,-330 000,-6 446,888
-340 000,-320 000,-121,882
-340 000,-309 999,969,11 050,033
-340 000,-300 000,9 293,754
-340 000,-290 000,12 893,753
-340 000,-279 999,969,8 493,744
-340 000,-270 000,5 828,126
-340 000,-260 000,7 146,885
-340 000,-249 999,969,9 953,139
-340 000,-239 999,984,9 306,251
-340 000,-229 999,984,6 639,062
-340 000,-219 999,984,4 281,245
-340 000,-209 999,984,-379,688
-340 000,-199 999,984,-2 614,056
-340 000,-189 999,984,1 045,312
-340 000,-180 000,5 182,811
-340 000,-170 000,016,6 614,074
-340 000,-160 000,3 356,254
-340 000,-150 000,016,2 493,749
-340 000,-139 999,984,5 651,577
-340 000,-130 000,6 657,814
-340 000,-119 999,992,11 946,88
-340 000,-109 999,984,18 035,961
-340 000,-99 999,984,16 140,609
-340 000,-89 999,984,6 207,807
-340 000,-79 999,992,1 560,939
-340 000,-70 000,-965,626
-340 000,-60 000,-232,812
-340 000,-50 000,81,249
-340 000,-40 000,-7 531,25
-340 000,-30 000,-12 903,122
-340 000,-20 000,004,-12 606,253
-340 000,-9 999,999,-9 476,561
-340 000,0,-15 854,687
-340 000,9 999,994,-18 390,625
-340 000,20 000,-18 595,312
-340 000,29 999,994,-19 939,064
-340 000,39 999,992,-30 260,936
-340 000,49 999,992,-29 984,381
-340 000,60 000,-36 490
-340 000,69 999,992,-27 114,072
-340 000,80 000,-23 968,75
-340 000,90 000,-23 579,688
-340 000,100 000,-31 673,439
-340 000,109 999,984,-27 003,145
-340 000,120 000,-8 595,316
-340 000,130 000,-12 568,752
-340 000,140 000,-11 265,625
-340 000,149 999,984,-12 103,113
-340 000,160 000,-21 010,945
-340 000,170 000,-25 428,129
-340 000,179 999,984,-26 260,943
-340 000,190 000,-21 759,371
-340 000,200 000,-20 929,689
-340 000,210 000,-22 910,941
-340 000,219 999,984,-28 576,561
-340 000,230 000,016,-29 520,314
-340 000,239 999,984,-27 240,635
-340 000,249 999,984,-26 134,373
-340 000,260 000,-22 887,496
-340 000,269 999,969,-19 956,252
-340 000,280 000,-18 909,379
-340 000,290 000,031,-16 971,867
-340 000,300 000,031,-13 881,234
-340 000,310 000,-15 367,195
-340 000,320 000,031,-16 604,699
-340 000,330 000,031,-20 962,52
-340 000,340 000,-26 074,99
-340 000,350 000,-32 359,375
-340 000,360 000,-32 570,314
-340 000,370 000,031,-36 314,066
-340 000,380 000,-36 490
-340 000,390 000,031,-35 637,512
-340 000,400 000,-36 490
-330 000,-400 000,-36 490
-330 000,-389 999,969,-34 529,68
-330 000,-380 000,-29 854,697
-330 000,-370 000,-26 404,693
-330 000,-360 000,-21 850
-330 000,-350 000,-18 451,572
-330 000,-340 000,-9 312,503
-330 000,-330 000,-1 900,012
-330 000,-320 000,5 353,122
-330 000,-309 999,969,14 485,971
-330 000,-300 000,22 842,191
-330 000,-290 000,20 281,254
-330 000,-279 999,969,16 745,316
-330 000,-270 000,11 767,194
-330 000,-260 000,10 968,752
-330 000,-249 999,969,12 842,199
-330 000,-239 999,984,18 046,883
-330 000,-229 999,984,13 898,439
-330 000,-219 999,984,11 584,372
-330 000,-209 999,984,9 268,756
-330 000,-199 999,984,7 003,121
-330 000,-189 999,984,7 781,253
-330 000,-180 000,6 510,938
-330 000,-170 000,016,7 390,642
-330 000,-160 000,8 240,629
-330 000,-150 000,016,7 234,379
-330 000,-139 999,984,7 643,755
-330 000,-130 000,11 500
-330 000,-119 999,992,17 664,064
-330 000,-109 999,984,21 281,264
-330 000,-99 999,984,24 707,82
-330 000,-89 999,984,24 110,938
-330 000,-79 999,992,13 953,129
-330 000,-70 000,7 895,313
-330 000,-60 000,8 610,939
-330 000,-49 999,996,12 345,314
-330 000,-39 999,996,6 257,814
-330 000,-29 999,996,3 109,377
-330 000,-19 999,998,1 790,625
-330 000,-9 999,997,168,75
-330 000,0,-36 490
-330 000,9 999,996,-5 859,371
-330 000,20 000,002,-9 590,623
-330 000,29 999,996,-12 632,812
-330 000,39 999,992,-15 070,313
-330 000,50 000,-23 176,557
-330 000,59 999,992,-30 645,314
-330 000,69 999,992,-22 889,062
-330 000,80 000,-21 981,252
-330 000,90 000,-25 381,25
-330 000,100 000,-33 448,441
-330 000,109 999,992,-23 832,83
-330 000,120 000,-10 471,883
-330 000,130 000,-6 426,562
-330 000,140 000,-10 264,062
-330 000,149 999,984,-9 640,631
-330 000,160 000,-9 412,503
-330 000,170 000,016,-13 329,689
-330 000,179 999,984,-16 726,561
-330 000,190 000,-18 581,25
-330 000,200 000,016,-18 603,123
-330 000,210 000,-18 610,938
-330 000,220 000,-19 189,062
-330 000,230 000,016,-19 004,691
-330 000,239 999,984,-19 270,311
-330 000,250 000,-18 595,311
-330 000,260 000,-18 645,312
-330 000,269 999,969,-18 315,629
-330 000,280 000,-16 732,814
-330 000,290 000,031,-10 706,245
-330 000,300 000,031,-3 546,867
-330 000,310 000,-6 657,806
-330 000,320 000,031,-12 570,321
-330 000,330 000,031,-19 935,949
-330 000,340 000,-24 178,125
-330 000,350 000,-28 818,734
-330 000,360 000,-32 053,133
-330 000,370 000,031,-36 292,188
-330 000,380 000,-36 490
-330 000,390 000,-36 490
-330 000,400 000,-36 490
-320 000,-400 000,-36 490
-320 000,-389 999,969,-32 842,188
-320 000,-380 000,-29 710,945
-320 000,-370 000,-24 073,441
-320 000,-360 000,-18 684,377
-320 000,-350 000,-15 973,44
-320 000,-340 000,-7 510,943
-320 000,-330 000,1 387,496
-320 000,-320 000,8 073,435
-320 000,-309 999,969,17 975,02
-320 000,-300 000,25 931,258
-320 000,-290 000,21 695,316
-320 000,-279 999,969,20 557,816
-320 000,-270 000,17 217,195
-320 000,-260 000,12 892,193
-320 000,-249 999,969,15 598,449
-320 000,-239 999,984,18 107,828
-320 000,-229 999,984,14 796,869
-320 000,-219 999,984,7 220,309
-320 000,-209 999,984,3 976,572
-320 000,-199 999,984,9 109,37
-320 000,-189 999,984,3 323,437
-320 000,-180 000,6 296,875
-320 000,-170 000,016,3 721,852
-320 000,-160 000,9 632,816
-320 000,-150 000,016,10 254,69
-320 000,-139 999,984,10 695,315
-320 000,-130 000,13 207,816
-320 000,-119 999,992,20 517,188
-320 000,-109 999,984,20 340,639
-320 000,-99 999,984,22 464,066
-320 000,-89 999,984,31 998,436
-320 000,-79 999,992,19 620,312
-320 000,-69 999,992,12 753,125
-320 000,-60 000,3 904,69
-320 000,-49 999,996,5 831,247
-320 000,-39 999,996,4 993,755
-320 000,-29 999,994,5 559,375
-320 000,-19 999,998,4 479,688
-320 000,-9 999,992,9 034,384
-320 000,0,-36 490
-320 000,9 999,999,-440,623
-320 000,20 000,002,-7 185,938
-320 000,29 999,994,-11 846,875
-320 000,39 999,992,-16 081,251
-320 000,50 000,-15 659,376
-320 000,60 000,-14 825
-320 000,69 999,992,-19 171,873
-320 000,80 000,008,-22 651,572
-320 000,90 000,-30 399,998
-320 000,100 000,-35 887,504
-320 000,109 999,984,-29 689,072
-320 000,119 999,992,-19 517,195
-320 000,130 000,-7 792,187
-320 000,140 000,-11 673,436
-320 000,149 999,984,-17 021,883
-320 000,160 000,-16 365,629
-320 000,170 000,-18 037,5
-320 000,179 999,984,-18 453,129
-320 000,190 000,-18 042,188
-320 000,200 000,-18 417,188
-320 000,210 000,-18 553,125
-320 000,220 000,-18 582,812
-320 000,230 000,016,-18 581,252
-320 000,239 999,984,-18 550,002
-320 000,250 000,-18 468,748
-320 000,260 000,-17 810,938
-320 000,269 999,969,-18 309,377
-320 000,280 000,-15 801,572
-320 000,290 000,031,-8 012,496
-320 000,300 000,031,-2 601,555
-320 000,310 000,2 695,318
-320 000,320 000,031,-5 031,271
-320 000,330 000,031,-15 906,263
-320 000,340 000,-21 904,693
-320 000,350 000,-26 698,432
-320 000,360 000,-31 290,619
-320 000,370 000,031,-36 220,316
-320 000,380 000,-36 490
-320 000,390 000,-36 490
-320 000,400 000,-36 490
-310 000,-400 000,-36 490
-310 000,-389 999,969,-36 043,75
-310 000,-380 000,-29 604,699
-310 000,-370 000,-24 104,695
-310 000,-360 000,-19 293,752
-310 000,-350 000,-16 431,262
-310 000,-340 000,-4 309,381
-310 000,-330 000,4 324,997
-310 000,-320 000,15 462,499
-310 000,-309 999,969,23 987,57
-310 000,-300 000,25 221,879
-310 000,-290 000,21 167,191
-310 000,-279 999,969,18 629,699
-310 000,-270 000,22 623,441
-310 000,-260 000,18 048,449
-310 000,-249 999,969,10 543,738
-310 000,-239 999,984,9 520,319
-310 000,-229 999,984,9 540,619
-310 000,-219 999,984,1 640,628
-310 000,-209 999,984,942,193
-310 000,-199 999,984,4 162,503
-310 000,-189 999,984,398,435
-310 000,-180 000,1 745,312
-310 000,-170 000,016,2 692,2
-310 000,-160 000,5 250
-310 000,-150 000,016,11 964,049
-310 000,-139 999,984,13 210,94
-310 000,-130 000,14 435,945
-310 000,-119 999,992,15 406,254
-310 000,-109 999,984,16 140,627
-310 000,-99 999,984,21 618,758
-310 000,-89 999,984,31 449,998
-310 000,-79 999,992,25 093,75
-310 000,-69 999,992,14 604,689
-310 000,-60 000,5 657,814
-310 000,-50 000,-843,75
-310 000,-39 999,996,-876,562
-310 000,-29 999,996,-2 021,873
-310 000,-20 000,-1 026,562
-310 000,-9 999,996,421,878
-310 000,0,-36 490
-310 000,10 000,001,11 529,691
-310 000,20 000,004,-2 101,562
-310 000,29 999,994,-10 562,494
-310 000,39 999,996,-13 517,187
-310 000,50 000,-13 790,625
-310 000,60 000,-15 104,688
-310 000,69 999,992,-16 739,062
-310 000,80 000,-23 368,762
-310 000,90 000,-36 490
-310 000,100 000,-36 490
-310 000,109 999,984,-32 467,189
-310 000,119 999,992,-23 235,949
-310 000,130 000,-10 328,127
-310 000,140 000,-15 164,062
-310 000,149 999,984,-18 451,561
-310 000,160 000,-18 100,002
-310 000,170 000,-18 403,125
-310 000,179 999,984,-17 548,436
-310 000,190 000,-18 201,562
-310 000,200 000,-18 200
-310 000,210 000,-17 695,314
-310 000,220 000,-17 879,688
-310 000,230 000,016,-18 081,256
-310 000,239 999,984,-18 340,625
-310 000,250 000,-18 299,998
-310 000,260 000,-18 464,062
-310 000,269 999,969,-14 623,45
-310 000,280 000,-10 492,185
-310 000,290 000,031,-7 670,292
-310 000,300 000,031,-985,932
-310 000,310 000,6 514,067
-310 000,320 000,031,-2 859,395
-310 000,330 000,031,-10 842,198
-310 000,340 000,-15 499,992
-310 000,350 000,-23 218,744
-310 000,360 000,-28 034,371
-310 000,370 000,031,-36 215,629
-310 000,380 000,-36 490
-310 000,390 000,-36 490
-310 000,400 000,-36 490
-300 000,-400 000,-36 490
-300 000,-389 999,969,-36 171,852
-300 000,-380 000,-31 614,072
-300 000,-370 000,-28 375,012
-300 000,-360 000,-21 687,504
-300 000,-350 000,-12 525,009
-300 000,-340 000,-2 093,752
-300 000,-330 000,10 415,621
-300 000,-320 000,20 207,816
-300 000,-309 999,969,33 039,156
-300 000,-300 000,29 998,443
-300 000,-290 000,22 418,754
-300 000,-279 999,969,17 739,037
-300 000,-270 000,16 715,627
-300 000,-260 000,21 943,762
-300 000,-249 999,969,13 134,31
-300 000,-239 999,984,6 992,187
-300 000,-229 999,984,2 403,131
-300 000,-219 999,984,-2 329,696
-300 000,-209 999,984,-4 274,998
-300 000,-199 999,984,-2 825,002
-300 000,-189 999,984,-2 623,433
-300 000,-180 000,-529,689
-300 000,-170 000,016,-1 881,252
-300 000,-160 000,-715,631
-300 000,-150 000,016,5 684,354
-300 000,-139 999,984,7 545,31
-300 000,-130 000,8 595,314
-300 000,-119 999,992,12 220,319
-300 000,-109 999,984,17 742,207
-300 000,-99 999,984,28 690,658
-300 000,-89 999,984,26 734,371
-300 000,-79 999,992,20 096,879
-300 000,-70 000,10 282,812
-300 000,-60 000,2 395,314
-300 000,-49 999,996,48,438
-300 000,-40 000,-4 537,5
-300 000,-29 999,996,-4 499,997
-300 000,-20 000,-4 984,375
-300 000,-9 999,996,-3 289,062
-300 000,0,-36 490
-300 000,10 000,6 596,875
-300 000,20 000,01,5 120,314
-300 000,29 999,996,-5 885,938
-300 000,40 000,-10 490,625
-300 000,50 000,-11 078,122
-300 000,60 000,-13 625,002
-300 000,69 999,992,-15 014,071
-300 000,80 000,-36 490
-300 000,90 000,-36 490
-300 000,100 000,-36 490
-300 000,109 999,984,-31 662,551
-300 000,119 999,992,-24 431,281
-300 000,130 000,-17 550,002
-300 000,140 000,-17 506,25
-300 000,149 999,984,-17 468,75
-300 000,160 000,-17 604,688
-300 000,170 000,-17 382,812
-300 000,179 999,984,-17 409,377
-300 000,190 000,-17 404,688
-300 000,200 000,-18 398,438
-300 000,210 000,-18 250
-300 000,220 000,-17 393,75
-300 000,230 000,016,-17 120,311
-300 000,239 999,984,-17 657,812
-300 000,250 000,-18 167,188
-300 000,260 000,-18 456,25
-300 000,269 999,969,-15 839,07
-300 000,280 000,-5 831,257
-300 000,290 000,031,-614,052
-300 000,300 000,031,342,191
-300 000,310 000,-2 842,194
-300 000,320 000,031,-1 998,426
-300 000,330 000,031,-3 257,811
-300 000,340 000,-8 460,93
-300 000,350 000,-19 520,303
-300 000,360 000,-26 299,996
-300 000,370 000,031,-31 260,959
-300 000,380 000,031,-36 278,125
-300 000,390 000,-36 490
-300 000,400 000,-36 490
-290 000,-400 000,-36 490
-290 000,-390 000,-36 490
-290 000,-380 000,-35 165,641
-290 000,-370 000,-25 265,627
-290 000,-360 000,-19 873,445
-290 000,-350 000,-8 276,574
-290 000,-340 000,1 256,246
-290 000,-330 000,15 021,872
-290 000,-320 000,22 534,371
-290 000,-309 999,969,37 346,906
-290 000,-300 000,35 621,883
-290 000,-290 000,22 667,191
-290 000,-279 999,969,17 092,182
-290 000,-270 000,11 907,817
-290 000,-260 000,15 023,439
-290 000,-249 999,969,12 153,113
-290 000,-239 999,984,8 403,118
-290 000,031,-230 000,-940,749
-290 000,-219 999,984,-3 906,258
-290 000,-209 999,984,-6 229,688
-290 000,-199 999,984,-6 540,625
-290 000,-190 000,-5 748,433
-290 000,-180 000,-2 131,248
-290 000,-170 000,016,-3 809,35
-290 000,-160 000,-2 521,878
-290 000,-150 000,016,814,045
-290 000,-139 999,984,5 748,437
-290 000,-130 000,6 396,879
-290 000,-119 999,992,9 193,752
-290 000,-109 999,984,17 493,77
-290 000,-99 999,984,25 720,33
-290 000,-89 999,984,23 914,062
-290 000,-79 999,992,13 849,992
-290 000,-69 999,992,10 490,623
-290 000,-60 000,2 743,756
-290 000,-49 999,996,221,875
-290 000,-39 999,996,-2 812,5
-290 000,-29 999,996,-5 990,622
-290 000,-20 000,-5 904,687
-290 000,-9 999,999,-5 981,249
-290 000,0,-36 490
-290 000,9 999,998,-3 428,128
-290 000,20 000,004,-2 857,816
-290 000,29 999,998,-5 954,691
-290 000,40 000,-7 245,311
-290 000,50 000,-8 604,683
-290 000,60 000,-11 814,063
-290 000,69 999,992,-21 376,551
-290 000,80 000,-36 490
-290 000,90 000,-36 490
-290 000,100 000,-36 490
-290 000,109 999,984,-32 423,453
-290 000,119 999,992,-26 415,625
-290 000,130 000,-22 562,502
-290 000,140 000,-17 701,562
-290 000,149 999,984,-18 821,875
-290 000,160 000,-18 821,875
-290 000,170 000,-18 821,875
-290 000,179 999,984,-17 382,816
-290 000,190 000,-17 729,689
-290 000,200 000,-18 503,125
-290 000,210 000,-16 921,879
-290 000,220 000,-18 460,936
-290 000,230 000,016,-18 279,688
-290 000,239 999,984,-18 420,312
-290 000,250 000,-18 364,061
-290 000,260 000,-18 471,877
-290 000,269 999,969,-16 996,887
-290 000,280 000,-11 484,381
-290 000,290 000,031,-5 245,302
-290 000,300 000,031,-9 423,447
-290 000,310 000,-9 826,568
-290 000,320 000,031,-5 809,382
-290 000,330 000,031,-6 940,635
-290 000,340 000,-7 268,745
-290 000,350 000,-12 996,867
-290 000,360 000,-23 095,309
-290 000,370 000,031,-28 523,449
-290 000,380 000,031,-34 004,711
-290 000,390 000,-36 490
-290 000,400 000,-36 490
-280 000,-400 000,-36 490
-280 000,-390 000,-36 490
-280 000,-380 000,-36 490
-280 000,-370 000,-24 978,139
-280 000,-360 000,-13 256,257
-280 000,-350 000,-3 318,76
-280 000,-340 000,6 601,559
-280 000,-330 000,19 742,188
-280 000,-320 000,26 625,004
-280 000,-309 999,969,29 576,586
-280 000,-300 000,29 875,006
-280 000,-290 000,22 787,504
-280 000,-279 999,969,17 737,479
-280 000,-270 000,9 723,44
-280 000,-260 000,7 896,873
-280 000,-249 999,969,5 979,667
-280 000,-239 999,984,1 398,436
-280 000,-229 999,984,-1 065,623
-280 000,-219 999,984,-2 923,438
-280 000,-209 999,984,-5 162,5
-280 000,-199 999,984,-7 021,876
-280 000,-190 000,-6 926,563
-280 000,-180 000,-5 732,811
-280 000,-170 000,016,-5 509,377
-280 000,-160 000,-3 531,25
-280 000,-150 000,016,1 273,402
-280 000,-139 999,984,5 531,251
-280 000,-130 000,5 532,816
-280 000,-120 000,8 284,376
-280 000,-109 999,984,14 592,201
-280 000,-99 999,984,22 103,146
-280 000,-89 999,984,29 954,689
-280 000,-79 999,984,21 814,066
-280 000,-69 999,992,13 023,438
-280 000,-60 000,6 356,254
-280 000,-49 999,996,6 046,872
-280 000,-39 999,996,-1 845,312
-280 000,-29 999,998,-4 387,498
-280 000,-20 000,-4 153,125
-280 000,-9 999,999,-9 070,312
-280 000,0,-36 490
-280 000,9 999,995,-11 339,07
-280 000,20 000,-13 324,997
-280 000,29 999,996,-11 704,686
-280 000,40 000,-3 642,188
-280 000,50 000,-7 560,928
-280 000,60 000,-17 771,875
-280 000,69 999,992,-23 478,102
-280 000,80 000,-36 420,332
-280 000,90 000,-36 490
-280 000,100 000,-36 490
-280 000,109 999,992,-25 978,133
-280 000,119 999,992,-16 284,361
-280 000,130 000,-23 673,439
-280 000,140 000,-23 387,504
-280 000,149 999,984,-18 507,812
-280 000,160 000,-18 804,699
-280 000,170 000,-20 307,812
-280 000,179 999,984,-18 289,061
-280 000,190 000,-18 543,75
-280 000,200 000,-18 423,438
-280 000,210 000,-14 153,125
-280 000,220 000,-16 215,622
-280 000,230 000,016,-18 312,498
-280 000,239 999,984,-17 232,812
-280 000,250 000,-18 065,625
-280 000,260 000,-17 328,123
-280 000,269 999,969,-18 064,066
-280 000,280 000,-14 712,502
-280 000,290 000,031,-9 201,553
-280 000,300 000,031,-14 967,191
-280 000,310 000,-12 912,505
-280 000,320 000,031,-14 564,062
-280 000,330 000,031,-13 051,558
-280 000,340 000,-13 804,687
-280 000,350 000,-13 156,247
-280 000,360 000,-18 431,244
-280 000,370 000,031,-25 981,27
-280 000,380 000,031,-30 492,195
-280 000,390 000,031,-36 221,875
-280 000,400 000,-36 490
-270 000,-400 000,-36 490
-270 000,-390 000,-36 490
-270 000,-380 000,-36 490
-270 000,-370 000,-23 226,578
-270 000,-360 000,-11 546,889
-270 000,-350 000,2 146,868
-270 000,-340 000,14 198,437
-270 000,-330 000,19 479,688
-270 000,-320 000,22 396,875
-270 000,-309 999,969,24 220,336
-270 000,-300 000,25 565,631
-270 000,-290 000,19 839,07
-270 000,-279 999,969,16 890,621
-270 000,-270 000,5 957,818
-270 000,-260 000,1 407,816
-270 000,-249 999,969,2 082,797
-270 000,-239 999,984,-2 365,627
-270 000,-229 999,984,-4 134,373
-270 000,-219 999,984,-4 489,061
-269 999,938,-209 999,953,-3 947,175
-270 000,-199 999,984,-4 326,563
-270 000,-189 999,984,-2 814,063
-270 000,-180 000,-4 989,059
-270 000,-170 000,016,-3 621,886
-270 000,-160 000,1,564
-270 000,-150 000,016,2 837,491
-270 000,-139 999,984,6 304,686
-270 000,-130 000,6 762,502
-270 000,-119 999,992,8 145,316
-270 000,-109 999,984,13 809,383
-270 000,-99 999,984,20 057,82
-270 000,-89 999,984,28 570,336
-270 000,-79 999,984,27 309,381
-270 000,-69 999,992,18 851,564
-270 000,-60 000,13 284,379
-270 000,-49 999,996,8 107,809
-270 000,-39 999,996,-507,811
-270 000,-29 999,996,-3 935,936
-270 000,-20 000,-3 525
-270 000,-9 999,999,-11 610,938
-270 000,0,-18 032,812
-270 000,9 999,994,-19 068,752
-270 000,19 999,998,-18 317,188
-270 000,29 999,996,-14 856,252
-270 000,40 000,-8 420,311
-270 000,50 000,-6 395,307
-270 000,59 999,996,-20 535,938
-270 000,69 999,992,-28 520,309
-270 000,80 000,-33 962,504
-270 000,90 000,-36 490
-270 000,100 000,-36 490
-270 000,109 999,992,-23 976,561
-270 000,119 999,992,-17 378,129
-270 000,130 000,-20 709,375
-270 000,140 000,-11 937,5
-270 000,150 000,-11 528,125
-270 000,160 000,-17 704,688
-270 000,170 000,-17 382,021
-270 000,179 999,984,-17 389,064
-270 000,190 000,-18 496,875
-270 000,200 000,-18 417,188
-270 000,210 000,-15 531,243
-270 000,220 000,-12 951,559
-270 000,230 000,016,-16 948,453
-270 000,240 000,-16 459,379
-270 000,250 000,-12 537,496
-270 000,260 000,-17 667,193
-270 000,269 999,969,-19 918,75
-270 000,280 000,-17 135,945
-270 000,290 000,031,-14 843,756
-270 000,300 000,031,-17 685,941
-270 000,310 000,-18 032,812
-270 000,320 000,031,-16 581,246
-270 000,330 000,031,-12 507,816
-270 000,340 000,-13 395,314
-270 000,350 000,-13 473,436
-270 000,360 000,-15 539,055
-270 000,370 000,031,-25 181,266
-270 000,380 000,031,-30 426,568
-270 000,390 000,031,-33 534,375
-270 000,400 000,-36 490
-260 000,-400 000,-36 490
-260 000,-390 000,-36 490
-260 000,-380 000,-35 332,828
-260 000,-370 000,-26 332,822
-260 000,-360 000,-12 381,258
-260 000,-350 000,-942,193
-260 000,-340 000,9 340,625
-260 000,-330 000,19 565,625
-260 000,-320 000,19 364,062
-260 000,-309 999,969,20 937,496
-260 000,-300 000,20 785,941
-260 000,-290 000,23 253,129
-260 000,-279 999,969,13 804,668
-260 000,-270 000,6 459,381
-260 000,-260 000,2 839,072
-260 000,-249 999,969,-495,319
-260 000,-239 999,984,-3 398,437
-260 000,-229 999,984,-3 731,246
-260 000,-219 999,984,-3 032,827
-260 000,-209 999,984,-5 267,185
-260 000,-199 999,984,-4 053,121
-260 000,-189 999,984,1 692,193
-260 000,-180 000,-1 982,809
-260 000,-170 000,016,2 021,873
-260 000,-160 000,5 306,25
-260 000,-150 000,016,11 490,609
-260 000,-139 999,984,12 481,267
-260 000,-130 000,10 443,752
-260 000,-119 999,992,10 039,065
-260 000,-109 999,984,12 731,256
-260 000,-99 999,984,16 923,436
-260 000,-89 999,984,19 839,068
-260 000,-79 999,984,31 831,264
-260 000,-69 999,984,26 687,508
-260 000,-59 999,996,19 614,066
-260 000,-49 999,996,9 459,369
-260 000,-39 999,996,2 728,126
-260 000,-29 999,996,-3 360,936
-260 000,-20 000,-4 443,75
-260 000,-9 999,998,-8 381,25
-260 000,0,002,-16 978,123
-260 000,9 999,994,-21 651,562
-260 000,19 999,998,-20 478,125
-260 000,29 999,994,-19 025,002
-260 000,39 999,996,-14 439,062
-260 000,50 000,-7 962,49
-260 000,59 999,996,-19 779,689
-260 000,69 999,984,-28 931,248
-260 000,80 000,-33 989,066
-260 000,90 000,-36 490
-260 000,100 000,-36 490
-260 000,109 999,984,-29 404,699
-260 000,119 999,984,-25 318,766
-260 000,130 000,-22 626,562
-260 000,140 000,-12 279,688
-260 000,150 000,-12 879,688
-260 000,160 000,-9 511,737
-260 000,170 000,-7 620,693
-260 000,179 999,984,-14 521,876
-260 000,190 000,-18 292,191
-260 000,200 000,-18 496,875
-260 000,210 000,-18 303,121
-260 000,220 000,-13 684,373
-260 000,230 000,016,-14 651,57
-260 000,240 000,-13 701,564
-260 000,250 000,-14 407,805
-260 000,260 000,-18 809,381
-260 000,269 999,969,-20 021,875
-260 000,280 000,-18 182,82
-260 000,290 000,031,-16 470,309
-260 000,300 000,031,-18 031,26
-260 000,310 000,-18 525,006
-260 000,320 000,031,-15 690,623
-260 000,330 000,031,-14 257,78
-260 000,340 000,-9 189,064
-260 000,350 000,-11 000,005
-260 000,360 000,-16 421,865
-260 000,370 000,031,-26 048,453
-260 000,380 000,031,-30 632,82
-260 000,390 000,031,-33 260,938
-260 000,400 000,-36 490
-250 000,-400 000,-36 490
-250 000,-390 000,-36 490
-250 000,-380 000,-36 490
-250 000,-370 000,-29 648,445
-250 000,-360 000,-21 571,889
-250 000,-350 000,-6 543,762
-250 000,-340 000,5 270,305
-250 000,-330 000,15 254,687
-250 000,-320 000,19 957,812
-250 000,-309 999,969,21 637,484
-250 000,-300 000,19 964,064
-250 000,-290 000,17 762,52
-250 000,-279 999,969,7 121,865
-250 000,-270 000,2 948,438
-250 000,-260 000,1 518,75
-250 000,-249 999,969,4 703,113
-250 000,-239 999,984,131,247
-249 999,938,-229 999,922,-1 012,391
-250 000,-219 999,984,-4 023,438
-250 000,-209 999,984,-4 532,812
-250 000,-199 999,984,-2 392,186
-250 000,-189 999,984,-1 257,81
-250 000,-180 000,5 898,438
-250 000,-170 000,016,8 001,558
-250 000,-160 000,16 551,566
-250 000,-150 000,016,21 775,008
-250 000,-139 999,984,15 724,996
-250 000,-130 000,11 059,377
-250 000,-120 000,10 142,189
-250 000,-109 999,984,10 835,943
-250 000,-99 999,984,14 498,443
-250 000,-89 999,984,18 123,445
-250 000,-79 999,992,29 506,26
-250 000,-69 999,992,26 675,004
-250 000,-59 999,996,17 629,691
-250 000,-49 999,996,10 851,56
-250 000,-39 999,996,876,565
-250 000,-29 999,996,-971,873
-250 000,-20 000,-3 296,874
-250 000,-9 999,999,-14 904,687
-250 000,0,-19 898,438
-250 000,9 999,993,-23 923,439
-250 000,20 000,002,-17 546,873
-250 000,29 999,994,-17 309,381
-250 000,39 999,996,-10 407,814
-250 000,50 000,-5 799,99
-250 000,59 999,996,-19 271,875
-250 000,69 999,992,-26 112,494
-250 000,80 000,-26 979,691
-250 000,90 000,-29 056,25
-250 000,100 000,-36 490
-250 000,109 999,984,-35 425,02
-250 000,119 999,984,-27 451,574
-250 000,130 000,-28 196,875
-250 000,140 000,-27 178,125
-250 000,150 000,-19 592,188
-250 000,160 000,-18 139,062
-250 000,170 000,-9 821,875
-250 000,180 000,-7 846,856
-250 000,190 000,-12 851,564
-250 000,200 000,-18 465,625
-250 000,210 000,-11 881,244
-250 000,220 000,-11 990,617
-250 000,230 000,016,-16 017,197
-250 000,239 999,984,-14 576,565
-250 000,250 000,-11 478,121
-250 000,260 000,-16 612,506
-250 000,269 999,969,-19 587,496
-250 000,280 000,-18 065,631
-250 000,290 000,031,-16 331,26
-250 000,300 000,031,-18 132,805
-250 000,310 000,-18 834,375
-250 000,320 000,031,-15 868,735
-250 000,330 000,031,-16 268,763
-250 000,340 000,-12 148,439
-250 000,350 000,-14 874,996
-250 000,360 000,-16 596,867
-250 000,370 000,031,-26 010,949
-250 000,380 000,031,-30 610,943
-250 000,390 000,031,-33 162,508
-250 000,400 000,-36 490
-240 000,-400 000,-36 490
-240 000,-390 000,-36 490
-240 000,-380 000,-36 490
-240 000,-370 000,-33 446,887
-240 000,-360 000,-19 676,574
-240 000,-350 000,-9 367,199
-240 000,-340 000,4 985,936
-240 000,-330 000,13 874,996
-240 000,-320 000,21 173,441
-240 000,-309 999,969,20 601,555
-240 000,-300 000,18 904,691
-240 000,-290 000,16 120,325
-240 000,-279 999,969,7 359,332
-240 000,-270 000,2 085,939
-240 000,-260 000,668,752
-240 000,-249 999,969,4 670,311
-240 000,047,-239 999,875,879,543
-240 000,-229 999,984,-926,559
-240 000,-219 999,984,-1 487,501
-240 000,-209 999,984,-3 631,252
-240 000,-199 999,984,-6 799,999
-240 000,-189 999,984,-4 570,309
-240 000,-180 000,1 265,627
-240 000,-170 000,016,9 551,556
-240 000,-160 000,12 643,75
-240 000,-150 000,016,20 740,635
-240 000,-139 999,984,11 635,935
-240 000,-130 000,9 223,441
-240 000,-120 000,8 960,941
-240 000,-109 999,984,12 818,758
-240 000,-99 999,984,14 948,441
-240 000,-89 999,984,14 964,07
-240 000,-79 999,992,18 653,129
-240 000,-69 999,992,19 565,627
-240 000,-59 999,996,12 939,068
-240 000,-49 999,996,13 750
-240 000,-39 999,996,5 645,311
-240 000,-29 999,992,3 515,629
-240 000,-20 000,002,-7 817,186
-240 000,-10 000,-14 362,5
-240 000,-0,002,-24 682,812
-240 000,9 999,992,-26 720,316
-240 000,19 999,996,-24 242,189
-240 000,29 999,992,-22 325,004
-240 000,39 999,992,-19 854,691
-240 000,50 000,-16 615,619
-240 000,60 000,-16 050
-240 000,69 999,992,-22 565,607
-240 000,80 000,-22 003,125
-240 000,90 000,-28 500,002
-240 000,100 000,-36 490
-240 000,110 000,-36 490
-240 000,120 000,-36 490
-240 000,130 000,-35 881,25
-240 000,140 000,-33 826,562
-240 000,150 000,-27 514,062
-240 000,160 000,-22 578,125
-240 000,170 000,-13 759,375
-240 000,179 999,984,-9 357,809
-240 000,190 000,-17 578,125
-240 000,200 000,016,-18 451,561
-240 000,210 000,-18 451,562
-240 000,220 000,-13 998,446
-240 000,230 000,016,-14 459,388
-240 000,239 999,984,-16 298,437
-240 000,249 999,984,-18 014,057
-240 000,260 000,-18 089,064
-240 000,269 999,969,-18 768,752
-240 000,280 000,-16 637,504
-240 000,290 000,031,-12 360,928
-240 000,300 000,031,-15 123,414
-240 000,310 000,-17 314,062
-240 000,320 000,031,-17 626,562
-240 000,330 000,031,-17 471,875
-240 000,340 000,-16 504,688
-240 000,350 000,-18 135,938
-240 000,360 000,-18 857,816
-240 000,370 000,031,-24 962,512
-240 000,380 000,031,-30 118,762
-240 000,390 000,031,-34 420,34
-240 000,400 000,-36 490
-230 000,-400 000,-36 490
-230 000,-390 000,-36 490
-230 000,-380 000,-36 490
-230 000,-370 000,-36 490
-230 000,-360 000,-23 293,762
-230 000,-350 000,-10 212,492
-230 000,-340 000,-2 717,191
-230 000,-330 000,8 167,185
-230 000,-320 000,19 479,686
-230 000,-309 999,969,18 681,234
-230 000,-300 000,16 712,5
-230 000,-290 000,13 564,067
-230 000,-279 999,969,6 178,107
-230 000,-270 000,1 353,13
-230 000,-260 000,395,316
-230 000,-249 999,969,2 893,767
-230 000,-239 999,984,1 737,497
-230 000,-229 999,984,1 135,939
-230 000,-219 999,984,-3 776,564
-230 000,-209 999,984,-5 815,625
-230 000,-200 000,-7 812,5
-230 000,-189 999,984,-4 895,309
-230 000,-180 000,-1 945,311
-230 000,-170 000,016,5 303,101
-230 000,-160 000,5 667,186
-230 000,-150 000,016,12 799,978
-230 000,-139 999,984,10 189,058
-230 000,-130 000,4 546,881
-230 000,-120 000,4 278,13
-230 000,-109 999,984,7 312,506
-230 000,-99 999,984,11 454,684
-230 000,-89 999,984,8 378,147
-230 000,-79 999,992,12 003,137
-230 000,-69 999,992,11 640,626
-230 000,-60 000,7 737,508
-230 000,-49 999,996,8 487,504
-230 000,-39 999,996,10 396,874
-230 000,-29 999,992,4 035,941
-230 000,-20 000,-6 749,999
-230 000,-9 999,999,-15 303,122
-230 000,-0,002,-22 939,062
-230 000,9 999,992,-24 425
-230 000,19 999,996,-29 210,938
-230 000,29 999,99,-27 910,945
-230 000,39 999,992,-27 859,371
-230 000,49 999,992,-27 831,238
-230 000,59 999,996,-25 535,938
-230 000,69 999,984,-27 834,383
-230 000,80 000,-27 909,379
-230 000,90 000,-31 257,814
-230 000,100 000,-36 490
-230 000,110 000,-36 490
-230 000,120 000,-36 490
-230 000,130 000,-36 490
-230 000,140 000,-36 490
-230 000,150 000,-36 490
-230 000,160 000,-27 925
-230 000,170 000,-18 251,562
-230 000,179 999,984,-9 831,266
-230 000,190 000,016,-10 275,005
-230 000,200 000,-18 003,121
-230 000,210 000,-13 159,377
-230 000,219 999,984,-17 918,75
-230 000,230 000,016,-18 451,564
-230 000,240 000,-18 396,875
-230 000,249 999,984,-17 220,316
-230 000,260 000,-17 735,941
-230 000,269 999,969,-18 335,953
-230 000,280 000,-12 904,687
-230 000,290 000,031,-8 087,454
-230 000,300 000,031,-8 732,823
-230 000,310 000,-11 156,245
-230 000,320 000,031,-12 753,131
-230 000,330 000,031,-15 843,748
-230 000,340 000,-18 228,125
-230 000,350 000,-17 848,438
-230 000,360 000,-19 510,936
-230 000,370 000,031,-23 465,633
-230 000,380 000,031,-29 389,072
-230 000,390 000,031,-36 354,691
-230 000,400 000,-36 490
-220 000,-400 000,-36 490
-220 000,-390 000,-36 490
-220 000,-380 000,-36 490
-220 000,-370 000,-36 490
-220 000,-360 000,-31 365,645
-220 000,-350 000,-14 490,63
-220 000,-340 000,-7 442,195
-220 000,-330 000,2 239,057
-220 000,-320 000,15 356,248
-220 000,-309 999,969,17 029,688
-220 000,-300 000,12 409,383
-220 000,-290 000,10 104,691
-220 000,-279 999,969,4 112,484
-220 000,-270 000,893,753
-220 000,-260 000,1 426,562
-220 000,-249 999,969,5 010,956
-220 000,-239 999,984,3 731,253
-220 000,016,-230 000,684,601
-220 000,-219 999,984,-4 489,063
-220 000,-210 000,-6 790,628
-220 000,-199 999,984,-7 920,312
-220 000,-190 000,-6 140,624
-220 000,-180 000,-3 210,936
-220 000,-170 000,016,-1 739,066
-220 000,-160 000,3 939,066
-220 000,-150 000,016,4 756,243
-220 000,-139 999,984,6 560,936
-220 000,-130 000,34,381
-220 000,-120 000,-1 126,562
-220 000,-109 999,984,150,006
-220 000,-99 999,992,3 914,077
-220 000,-89 999,984,3 829,693
-220 000,-79 999,992,5 153,131
-220 000,-70 000,5 621,876
-220 000,-60 000,3 382,814
-220 000,-49 999,996,3 670,313
-220 000,-39 999,996,4 600,003
-220 000,-29 999,992,7 995,316
-220 000,-20 000,-810,937
-220 000,-9 999,998,-9 551,562
-220 000,0,002,-17 982,811
-220 000,9 999,993,-21 760,936
-220 000,19 999,996,-27 464,062
-220 000,29 999,99,-31 498,438
-220 000,39 999,992,-33 287,5
-220 000,49 999,992,-33 865,629
-220 000,59 999,992,-33 540,629
-220 000,69 999,984,-34 246,887
-220 000,80 000,-35 403,133
-220 000,90 000,-36 490
-220 000,100 000,-36 490
-220 000,110 000,-36 490
-220 000,120 000,-36 490
-220 000,130 000,-36 490
-220 000,140 000,-36 490
-220 000,150 000,-36 490
-220 000,160 000,-36 490
-220 000,170 000,-26 129,68
-220 000,180 000,-9 043,764
-220 000,190 000,016,-3 845,316
-220 000,200 000,016,-9 545,31
-220 000,210 000,016,-8 999,992
-220 000,220 000,-11 217,187
-220 000,230 000,016,-13 645,325
-220 000,239 999,984,-15 043,749
-220 000,250 000,-18 420,312
-220 000,260 000,-18 456,252
-220 000,269 999,969,-17 414,086
-220 000,280 000,-13 045,325
-220 000,290 000,031,-12 079,695
-220 000,300 000,031,-4 106,232
-220 000,310 000,-4 617,184
-220 000,320 000,031,-5 867,188
-220 000,330 000,031,-11 354,712
-220 000,340 000,-17 193,746
-220 000,350 000,-19 723,436
-220 000,360 000,-22 220,312
-220 000,370 000,031,-25 729,695
-220 000,380 000,031,-28 835,963
-220 000,390 000,031,-36 257,816
-220 000,400 000,-36 490
-210 000,-400 000,-36 490
-210 000,-390 000,-36 490
-210 000,-380 000,-36 490
-210 000,-370 000,-36 490
-210 000,-360 000,-29 248,455
-210 000,-350 000,-14 725,013
-210 000,-340 000,-5 126,563
-210 000,-330 000,5 971,867
-210 000,-320 000,11 023,44
-210 000,-309 999,969,12 084,379
-210 000,-300 000,9 139,066
-210 000,-290 000,4 654,691
-210 000,-279 999,969,1 992,186
-210 000,-270 000,1 884,377
-210 000,-260 000,5 974,998
-210 000,-249 999,969,11 209,409
-210 000,-239 999,984,7 476,56
-210 000,-229 999,984,-270,314
-210 000,-219 999,984,-5 654,688
-210 000,016,-209 999,984,-5 858,696
-210 000,-200 000,-6 660,941
-210 000,-190 000,-5 476,566
-210 000,-180 000,-1 737,498
-210 000,-170 000,016,92,182
-210 000,-160 000,3 289,055
-210 000,-150 000,016,7 548,424
-210 000,-139 999,984,10 953,118
-210 000,-130 000,4 846,879
-210 000,-120 000,-1 675
-210 000,-109 999,984,-4 774,996
-210 000,-99 999,992,-1 303,124
-210 000,-89 999,984,598,449
-210 000,-80 000,2 431,252
-210 000,-70 000,2 703,125
-210 000,-60 000,692,189
-210 000,-49 999,996,1 112,5
-210 000,-39 999,996,2 868,751
-210 000,-29 999,994,3 964,066
-210 000,-19 999,998,5 451,563
-210 000,-9 999,996,-2 165,622
-210 000,0,-36 490
-210 000,9 999,996,-15 717,18
-210 000,19 999,998,-24 464,062
-210 000,29 999,992,-26 271,873
-210 000,39 999,992,-31 412,504
-210 000,49 999,992,-35 248,438
-210 000,60 000,-36 490
-210 000,70 000,-36 490
-210 000,80 000,-36 490
-210 000,90 000,-36 490
-210 000,100 000,-36 490
-210 000,110 000,-36 490
-210 000,120 000,-36 490
-210 000,130 000,-36 490
-210 000,140 000,-36 490
-210 000,150 000,-36 490
-210 000,160 000,-36 490
-210 000,170 000,-34 617,188
-210 000,179 999,984,-18 775,018
-210 000,190 000,-9 395,314
-210 000,200 000,016,-4 814,064
-210 000,210 000,016,-1 070,31
-210 000,220 000,-8 737,5
-210 000,230 000,031,-8 289,049
-210 000,240 000,-6 098,43
-210 000,250 000,-13 937,499
-210 000,260 000,-13 814,074
-210 000,269 999,969,-18 453,125
-210 000,280 000,-16 843,758
-210 000,290 000,031,-12 721,869
-210 000,300 000,031,-5 499,997
-210 000,310 000,3 653,123
-210 000,320 000,031,4 190,595
-210 000,330 000,031,-8 650,014
-210 000,340 000,-15 140,621
-210 000,350 000,-19 848,432
-210 000,360 000,-23 450
-210 000,370 000,031,-26 265,658
-210 000,380 000,031,-36 098,43
-210 000,390 000,031,-36 282,816
-210 000,400 000,-36 490
-200 000,-400 000,-36 490
-200 000,-390 000,-36 490
-200 000,-380 000,-36 490
-200 000,-370 000,-36 490
-200 000,-360 000,-28 067,197
-200 000,-350 000,-13 000,009
-200 000,-340 000,-4 460,945
-200 000,-330 000,6 849,997
-200 000,-320 000,11 151,563
-200 000,-309 999,969,11 843,75
-200 000,-300 000,10 418,753
-200 000,-290 000,7 410,938
-200 000,-279 999,969,6 653,127
-200 000,-270 000,6 782,813
-200 000,-260 000,9 862,504
-200 000,-249 999,969,10 885,913
-200 000,-239 999,984,1 517,184
-200 000,-229 999,984,-2 223,439
-200 000,-219 999,984,-3 198,435
-200 000,-209 999,984,-1 918,75
-200 000,-199 999,984,-3 093,752
-200 000,-189 999,984,-3 203,129
-200 000,-180 000,1 114,062
-200 000,-170 000,016,7 296,876
-200 000,-160 000,9 340,625
-200 000,-150 000,016,13 948,416
-200 000,-139 999,984,13 951,562
-200 000,-130 000,3 540,629
-200 000,-120 000,-5 348,438
-200 000,-109 999,992,-9 504,688
-200 000,-99 999,992,-2 760,935
-200 000,-89 999,984,2 287,505
-200 000,-79 999,992,4 151,566
-200 000,-70 000,2 396,874
-200 000,-60 000,142,19
-200 000,-49 999,996,2 384,377
-200 000,-39 999,996,5 912,502
-200 000,-29 999,992,5 415,629
-200 000,-19 999,998,6 964,064
-200 000,-9 999,992,6 731,251
-200 000,0,-36 490
-200 000,9 999,995,-11 568,751
-200 000,20 000,002,-13 453,125
-200 000,29 999,992,-23 418,742
-200 000,39 999,992,-30 293,752
-200 000,49 999,992,-30 387,504
-200 000,60 000,-36 490
-200 000,70 000,-36 490
-200 000,80 000,-36 490
-200 000,90 000,-36 490
-200 000,100 000,-36 490
-200 000,110 000,-36 490
-200 000,120 000,-36 490
-200 000,130 000,-36 490
-200 000,140 000,-36 490
-200 000,150 000,-36 490
-200 000,160 000,-36 490
-200 000,170 000,-36 490
-200 000,179 999,984,-27 209,393
-200 000,190 000,-13 479,682
-200 000,200 000,016,-8 453,12
-200 000,210 000,016,-8 553,129
-200 000,220 000,-4 579,689
-200 000,230 000,016,-9 729,678
-200 000,239 999,984,-17 564,055
-200 000,250 000,-18 228,123
-200 000,260 000,-14 389,054
-200 000,269 999,969,-13 303,113
-200 000,280 000,-18 542,189
-200 000,290 000,031,-12 028,119
-200 000,300 000,031,-11 770,299
-200 000,310 000,-7 529,688
-200 000,320 000,031,-6 292,175
-200 000,330 000,031,-8 987,506
-200 000,340 000,-14 446,871
-200 000,350 000,-17 957,809
-200 000,360 000,-22 384,373
-200 000,370 000,031,-25 365,629
-200 000,380 000,031,-33 621,891
-200 000,390 000,031,-36 264,066
-200 000,400 000,-36 490
-190 000,-400 000,-36 490
-190 000,-390 000,-36 490
-190 000,-380 000,-36 490
-190 000,-370 000,-36 490
-190 000,-360 000,-31 964,078
-190 000,-350 000,-17 514,074
-190 000,-340 000,-5 421,879
-190 000,-330 000,3 371,87
-190 000,-320 000,12 759,376
-190 000,-309 999,969,16 521,875
-190 000,-300 000,14 878,127
-190 000,-290 000,10 631,254
-190 000,-279 999,969,7 476,553
-190 000,-270 000,5 943,752
-190 000,-260 000,6 412,502
-190 000,-249 999,969,6 582,801
-190 000,-239 999,984,3 348,444
-190 000,-229 999,984,2 137,5
-190 000,-219 999,984,1 787,494
-190 000,-209 999,984,8 706,264
-190 000,-199 999,984,4 328,128
-190 000,-189 999,984,4 215,632
-190 000,-180 000,7 612,27
-190 000,-170 000,016,4 229,694
-190 000,-160 000,4 242,189
-190 000,-150 000,016,8 850
-190 000,-139 999,984,10 731,251
-190 000,-130 000,1 748,447
-190 000,-120 000,-8 485,938
-190 000,-109 999,992,-12 114,066
-190 000,-99 999,992,-6 992,174
-190 000,-89 999,984,410,942
-190 000,-79 999,992,3 689,064
-190 000,-70 000,-1 414,063
-190 000,-60 000,-4 126,56
-190 000,-50 000,-2 301,562
-190 000,-39 999,996,-2 228,123
-190 000,-29 999,996,-1 520,309
-190 000,-20 000,-1 245,311
-190 000,-9 999,996,834,371
-190 000,0,-36 490
-190 000,9 999,998,-8 423,437
-190 000,20 000,-13 684,375
-190 000,29 999,994,-20 418,752
-190 000,39 999,992,-19 689,062
-190 000,49 999,996,-16 781,25
-190 000,59 999,992,-29 110,939
-190 000,70 000,-36 490
-190 000,80 000,-36 490
-190 000,90 000,-36 490
-190 000,100 000,-36 490
-190 000,110 000,-36 490
-190 000,120 000,-36 490
-190 000,130 000,-36 490
-190 000,140 000,-36 490
-190 000,150 000,-36 490
-190 000,160 000,-36 490
-190 000,170 000,-36 490
-190 000,180 000,-36 490
-190 000,190 000,-31 843,746
-190 000,200 000,-20 953,123
-190 000,210 000,-17 049,992
-190 000,220 000,-15 204,686
-190 000,230 000,016,-18 164,07
-190 000,239 999,984,-21 749,994
-190 000,250 000,-20 970,316
-190 000,260 000,-20 606,25
-190 000,269 999,969,-18 364,062
-190 000,280 000,-17 450,002
-190 000,290 000,031,-18 293,752
-190 000,300 000,031,-18 253,125
-190 000,310 000,-16 175,006
-190 000,320 000,031,-12 315,622
-190 000,330 000,031,-11 767,168
-190 000,340 000,-9 529,682
-190 000,350 000,-12 510,928
-190 000,360 000,-17 573,436
-190 000,370 000,031,-23 364,074
-190 000,380 000,031,-27 670,324
-190 000,390 000,-36 231,258
-190 000,400 000,-36 490
-180 000,-400 000,-36 490
-180 000,-390 000,-36 490
-180 000,-380 000,-36 490
-180 000,-370 000,-36 490
-180 000,-360 000,-24 987,508
-180 000,-350 000,-14 048,452
-180 000,-340 000,460,935
-180 000,-330 000,2 799,996
-180 000,-320 000,9 776,562
-180 000,-309 999,969,14 043,738
-180 000,-300 000,16 004,686
-180 000,-290 000,12 720,321
-180 000,-279 999,969,10 901,566
-180 000,-270 000,8 442,19
-180 000,-260 000,9 071,875
-180 000,-249 999,969,10 318,775
-180 000,-239 999,984,9 514,05
-180 000,-229 999,984,8 012,523
-180 000,-219 999,984,10 542,199
-180 000,-209 999,984,10 687,512
-180 000,-199 999,984,12 598,438
-180 000,-189 999,984,7 445,31
-180 000,-180 000,3 765,629
-180 000,-170 000,016,3 054,691
-180 000,-160 000,2 917,189
-180 000,-150 000,016,4 215,621
-180 000,-139 999,984,7 485,944
-180 000,-130 000,-1 848,434
-180 000,-120 000,-8 754,688
-180 000,-109 999,992,-14 345,318
-180 000,-99 999,992,-14 167,188
-180 000,-89 999,992,-9 881,244
-180 000,-80 000,-8 156,248
-180 000,-70 000,-9 378,126
-180 000,-60 000,004,-13 199,996
-180 000,-50 000,-13 259,377
-180 000,-40 000,-10 542,188
-180 000,-29 999,996,-6 287,497
-180 000,-20 000,002,-8 760,937
-180 000,-9 999,998,-7 906,25
-180 000,0,-36 490
-180 000,9 999,998,-6 128,125
-180 000,20 000,-11 029,687
-180 000,29 999,994,-15 820,314
-180 000,40 000,-11 182,812
-180 000,50 000,-14 046,87
-180 000,60 000,-25 667,188
-180 000,70 000,-36 490
-180 000,80 000,-36 490
-180 000,90 000,-36 490
-180 000,100 000,-36 490
-180 000,110 000,-36 490
-180 000,120 000,-36 490
-180 000,130 000,-36 490
-180 000,140 000,-36 490
-180 000,150 000,-36 490
-180 000,160 000,-36 490
-180 000,170 000,-36 490
-180 000,180 000,-36 490
-180 000,190 000,-36 490
-180 000,200 000,-36 490
-180 000,210 000,-28 495,316
-180 000,219 999,984,-28 309,387
-180 000,230 000,016,-27 610,939
-180 000,239 999,984,-25 989,062
-180 000,249 999,984,-25 929,688
-180 000,260 000,-25 985,943
-180 000,269 999,969,-24 423,453
-180 000,280 000,-20 496,887
-180 000,290 000,031,-18 595,312
-180 000,300 000,031,-18 579,688
-180 000,310 000,-18 264,064
-180 000,320 000,031,-16 759,377
-180 000,330 000,031,-15 109,373
-180 000,340 000,-10 118,75
-180 000,350 000,-12 271,869
-180 000,360 000,-18 554,686
-180 000,370 000,031,-23 264,072
-180 000,380 000,031,-27 617,197
-180 000,390 000,031,-35 782,836
-180 000,400 000,-36 490
-170 000,-400 000,-36 490
-170 000,-390 000,-36 490
-170 000,-380 000,-36 490
-170 000,-370 000,-33 037,535
-170 000,-360 000,-24 839,072
-170 000,-350 000,-14 775,007
-170 000,-340 000,-5 073,436
-170 000,-330 000,-3 173,442
-170 000,-320 000,3 421,87
-170 000,-309 999,969,8 698,451
-170 000,-300 000,16 240,627
-170 000,-290 000,20 304,691
-170 000,-279 999,969,18 115,613
-170 000,016,-270 000,12 084,557
-170 000,-260 000,11 931,252
-170 000,-249 999,969,13 120,321
-170 000,-239 999,984,14 870,326
-170 000,-229 999,984,13 560,945
-170 000,-219 999,984,14 064,069
-170 000,-209 999,984,14 803,127
-170 000,-199 999,984,11 321,873
-170 000,-189 999,984,7 070,313
-170 000,-180 000,6 434,375
-170 000,-170 000,016,4 715,648
-170 000,-160 000,3 212,502
-170 000,-150 000,016,6 751,553
-170 000,-139 999,984,10 879,687
-170 000,-130 000,3 235,943
-170 000,-120 000,-11 990,625
-170 000,-109 999,992,-15 784,379
-170 000,-99 999,992,-17 504,688
-170 000,-89 999,992,-17 151,562
-170 000,-80 000,-15 131,251
-170 000,-70 000,-10 106,252
-170 000,-60 000,004,-16 496,875
-170 000,-50 000,-18 504,689
-170 000,-40 000,-15 471,875
-170 000,-29 999,996,-12 689,062
-170 000,-20 000,004,-15 393,751
-170 000,-10 000,003,-14 207,814
-170 000,0,-36 490
-170 000,9 999,996,-9 446,876
-170 000,20 000,-12 429,687
-170 000,29 999,996,-16 421,875
-170 000,39 999,992,-20 471,883
-170 000,49 999,992,-24 403,123
-170 000,59 999,992,-32 443,75
-170 000,70 000,-36 490
-170 000,80 000,-36 490
-170 000,90 000,-36 490
-170 000,100 000,-36 490
-170 000,110 000,-36 490
-170 000,120 000,-36 490
-170 000,130 000,-36 490
-170 000,140 000,-36 490
-170 000,150 000,-36 490
-170 000,160 000,-36 490
-170 000,170 000,-36 490
-170 000,180 000,-36 490
-170 000,190 000,-36 490
-170 000,200 000,-36 490
-170 000,210 000,-36 157,816
-170 000,219 999,984,-35 406,258
-170 000,230 000,016,-35 056,234
-170 000,239 999,984,-34 851,562
-170 000,249 999,984,-34 632,82
-170 000,260 000,-24 446,875
-170 000,269 999,969,-28 298,416
-170 000,280 000,-25 184,383
-170 000,290 000,031,-25 845,332
-170 000,300 000,031,-23 789,061
-170 000,310 000,-22 335,945
-170 000,320 000,031,-18 323,438
-170 000,330 000,031,-18 448,443
-170 000,340 000,-14 629,688
-170 000,350 000,-14 504,685
-170 000,360 000,-19 870,311
-170 000,370 000,031,-24 414,07
-170 000,380 000,031,-28 514,074
-170 000,390 000,031,-34 593,781
-170 000,400 000,-36 490
-160 000,-400 000,-36 490
-160 000,-390 000,-36 490
-160 000,-380 000,-36 490
-160 000,-370 000,-29 854,699
-160 000,-360 000,-21 957,824
-160 000,-350 000,-10 657,82
-160 000,-340 000,-5 248,437
-160 000,-330 000,-5 725
-160 000,-320 000,-2 465,63
-160 000,-309 999,969,5 356,268
-160 000,-300 000,16 703,127
-160 000,-290 000,23 478,121
-160 000,-279 999,969,24 673,396
-160 000,-270 000,16 990,629
-160 000,-260 000,20 275
-160 000,-249 999,969,25 106,273
-160 000,-239 999,984,22 434,375
-160 000,-229 999,984,18 593,754
-160 000,-219 999,984,18 392,189
-160 000,-209 999,984,15 849,998
-160 000,-199 999,984,16 520,316
-160 000,-189 999,984,13 673,437
-160 000,-180 000,7 859,387
-160 000,-170 000,016,5 004,684
-160 000,-160 000,4 112,502
-160 000,-150 000,016,10 792,104
-160 000,-139 999,984,5 065,611
-160 000,-130 000,008,-7 056,241
-160 000,-120 000,-11 607,814
-160 000,-109 999,992,-15 260,939
-160 000,-100 000,-18 356,254
-160 000,-89 999,992,-18 712,5
-160 000,-80 000,-18 712,5
-160 000,-70 000,-17 987,502
-160 000,-60 000,004,-18 237,5
-160 000,-50 000,-18 696,877
-160 000,-40 000,-18 487,502
-160 000,-30 000,-16 007,812
-160 000,-20 000,004,-18 504,689
-160 000,-10 000,003,-14 065,627
-160 000,0,-18 326,562
-160 000,9 999,994,-18 504,688
-160 000,20 000,-18 165,625
-160 000,29 999,994,-16 532,811
-160 000,39 999,992,-25 724,998
-160 000,49 999,992,-32 348,436
-160 000,59 999,992,-34 768,754
-160 000,69 999,984,-36 317,188
-160 000,80 000,-35 667,188
-160 000,90 000,-36 490
-160 000,100 000,-36 490
-160 000,110 000,-36 490
-160 000,120 000,-36 490
-160 000,130 000,-36 490
-160 000,140 000,-36 490
-160 000,150 000,-36 490
-160 000,160 000,-36 490
-160 000,170 000,-36 490
-160 000,180 000,-36 490
-160 000,190 000,-36 490
-160 000,200 000,-36 490
-160 000,210 000,-36 490
-160 000,219 999,984,-35 800
-160 000,230 000,016,-35 887,508
-160 000,240 000,-36 490
-160 000,249 999,984,-33 739,07
-160 000,260 000,-30 767,186
-160 000,269 999,969,-24 967,176
-160 000,280 000,-30 940,629
-160 000,290 000,031,-31 310,951
-160 000,300 000,031,-33 431,227
-160 000,310 000,-26 392,195
-160 000,320 000,031,-18 662,5
-160 000,330 000,031,-20 943,74
-160 000,340 000,-19 159,375
-160 000,350 000,-19 579,682
-160 000,360 000,-20 276,568
-160 000,370 000,031,-24 235,949
-160 000,380 000,031,-28 495,324
-160 000,390 000,031,-32 596,887
-160 000,400 000,-36 490
-150 000,-400 000,-36 490
-150 000,-390 000,-36 490
-150 000,-380 000,-36 490
-150 000,-370 000,-28 281,256
-150 000,-360 000,-21 742,195
-150 000,-350 000,-13 081,264
-150 000,-340 000,-9 682,811
-150 000,-330 000,-8 579,689
-150 000,-320 000,-3 210,94
-150 000,-309 999,969,3 929,744
-150 000,-300 000,17 781,248
-150 000,-290 000,26 948,439
-150 000,-279 999,969,25 937,498
-150 000,-270 000,22 585,945
-150 000,-260 000,28 470,312
-150 000,-249 999,969,29 270,287
-150 000,-239 999,984,22 378,121
-150 000,-229 999,984,19 225,008
-150 000,-219 999,984,20 376,566
-150 000,-209 999,984,21 843,754
-150 000,-199 999,984,21 800,008
-150 000,-189 999,984,19 681,234
-150 000,-180 000,10 693,756
-150 000,-170 000,016,7 348,468
-150 000,-160 000,5 562,498
-150 000,-150 000,016,14 334,35
-150 000,-139 999,984,2 184,374
-150 000,-130 000,-7 764,052
-150 000,-120 000,016,-11 948,973
-150 000,-109 999,992,-14 810,941
-150 000,-99 999,992,-15 700,004
-150 000,-89 999,992,-16 240,631
-150 000,-80 000,-18 495,312
-150 000,-70 000,-18 495,314
-150 000,-60 000,008,-18 495,314
-150 000,-50 000,-18 504,689
-150 000,-40 000,-18 714,064
-150 000,-30 000,-18 539,062
-150 000,-20 000,004,-18 354,689
-150 000,-10 000,-16 041,711
-150 000,0,-18 504,688
-150 000,9 999,995,-18 504,688
-150 000,20 000,-18 504,688
-150 000,29 999,996,-14 029,693
-150 000,39 999,992,-22 026,559
-150 000,49 999,992,-27 467,18
-150 000,59 999,992,-32 904,691
-150 000,69 999,984,-34 320,312
-150 000,80 000,-26 812,5
-150 000,90 000,-30 378,125
-150 000,100 000,-34 496,879
-150 000,110 000,-36 490
-150 000,120 000,-36 490
-150 000,130 000,-36 490
-150 000,140 000,-36 490
-150 000,150 000,-36 490
-150 000,160 000,-36 490
-150 000,170 000,-34 275
-150 000,179 999,984,-35 901,555
-150 000,190 000,-36 490
-150 000,200 000,-36 490
-150 000,210 000,-36 490
-150 000,220 000,-36 490
-150 000,230 000,-36 490
-150 000,240 000,-36 490
-150 000,249 999,984,-34 412,496
-150 000,260 000,-28 451,562
-150 000,269 999,969,-22 418,736
-150 000,280 000,-29 010,938
-150 000,290 000,031,-31 651,562
-150 000,300 000,031,-30 932,811
-150 000,310 000,-27 657,814
-150 000,320 000,031,-21 457,799
-150 000,330 000,031,-18 874,998
-150 000,340 000,-17 656,248
-150 000,350 000,-16 126,562
-150 000,360 000,-18 315,621
-150 000,370 000,031,-22 975,008
-150 000,380 000,031,-27 771,889
-150 000,390 000,031,-32 634,383
-150 000,400 000,-36 490
-140 000,-400 000,-36 490
-140 000,-390 000,-36 490
-140 000,-380 000,-36 490
-140 000,-370 000,-28 373,445
-140 000,-360 000,-23 089,066
-140 000,-350 000,-16 206,256
-140 000,-340 000,-15 698,443
-140 000,-330 000,-11 884,376
-140 000,-320 000,-5 284,38
-140 000,-309 999,969,381,275
-140 000,-300 000,16 696,869
-140 000,-290 000,19 659,379
-140 000,-279 999,969,27 523,447
-140 000,-270 000,33 584,383
-140 000,-260 000,37 251,57
-140 000,-249 999,969,30 001,549
-140 000,-239 999,984,23 985,938
-140 000,-229 999,984,24 414,078
-140 000,-219 999,984,27 806,266
-140 000,-209 999,984,28 215,631
-140 000,-199 999,984,26 279,695
-140 000,-189 999,984,22 315,629
-140 000,-180 000,16 867,191
-140 000,-170 000,016,11 542,192
-140 000,-160 000,9 167,191
-140 000,-150 000,016,6 970,332
-140 000,-139 999,984,35,937
-139 999,984,-130 000,-7 904,794
-140 000,016,-119 999,969,-11 063,24
-140 000,-109 999,992,-8 939,057
-140 000,-99 999,992,-8 945,312
-140 000,-89 999,992,-14 309,38
-140 000,-80 000,-18 495,312
-140 000,-70 000,-18 495,314
-140 000,-60 000,008,-18 495,314
-140 000,-50 000,-18 485,939
-140 000,-40 000,-14 989,941
-140 000,-29 999,998,-18 498,436
-140 000,-20 000,004,-18 504,689
-140 000,-10 000,-18 504,688
-140 000,0,002,-18 712,498
-140 000,9 999,995,-18 712,5
-140 000,20 000,-18 400
-140 000,29 999,992,-18 423,439
-140 000,39 999,992,-18 731,254
-140 000,49 999,996,-25 829,686
-140 000,59 999,992,-31 356,254
-140 000,69 999,984,-27 942,193
-140 000,80 000,-24 407,811
-140 000,90 000,-26 631,25
-140 000,100 000,-32 195,314
-140 000,110 000,-36 490
-140 000,120 000,-36 490
-140 000,130 000,-36 490
-140 000,140 000,-36 490
-140 000,150 000,-36 490
-140 000,160 000,-36 490
-140 000,170 000,-33 090,629
-140 000,179 999,984,-35 529,691
-140 000,190 000,-36 490
-140 000,200 000,-36 490
-140 000,210 000,-36 490
-140 000,220 000,-36 490
-140 000,230 000,-36 490
-140 000,239 999,984,-35 579,691
-140 000,249 999,984,-32 090,633
-140 000,260 000,-27 812,504
-140 000,269 999,969,-24 659,355
-140 000,280 000,-30 400
-140 000,290 000,031,-32 481,254
-140 000,300 000,031,-30 667,184
-140 000,310 000,-27 953,137
-140 000,320 000,031,-18 295,287
-140 000,330 000,031,-14 771,899
-140 000,340 000,-15 676,569
-140 000,350 000,-12 884,377
-140 000,360 000,-13 748,435
-140 000,370 000,031,-21 442,215
-140 000,380 000,031,-29 121,891
-140 000,390 000,031,-32 906,262
-140 000,400 000,-36 490
-130 000,-400 000,-36 490
-130 000,-390 000,-36 490
-130 000,-380 000,-36 490
-130 000,-370 000,-31 510,953
-130 000,-360 000,-24 565,629
-130 000,-350 000,-26 937,473
-130 000,-340 000,-29 153,145
-130 000,-330 000,-16 117,197
-130 000,-320 000,-7 560,949
-130 000,-309 999,969,5 728,162
-130 000,-300 000,10 998,444
-130 000,-290 000,18 443,754
-130 000,-279 999,969,25 323,475
-130 000,-270 000,36 703,125
-130 000,-260 000,34 946,883
-130 000,-249 999,969,28 514,1
-130 000,-239 999,984,23 490,637
-130 000,-229 999,969,28 742,203
-130 000,-219 999,984,30 648,436
-130 000,-209 999,984,26 410,939
-130 000,-199 999,984,27 000,008
-130 000,-189 999,984,28 842,201
-130 000,-180 000,26 617,199
-130 000,-170 000,016,17 040,645
-130 000,-160 000,5 959,383
-130 000,-150 000,016,-623,43
-130 000,-139 999,984,-4 876,565
-130 000,-130 000,008,-8 107,807
-129 999,984,-120 000,055,-7 341,389
-130 000,-109 999,984,-3 389,061
-130 000,-99 999,992,-7 878,131
-130 000,-89 999,992,-13 534,379
-130 000,-80 000,-18 495,312
-130 000,-70 000,-18 495,314
-130 000,-60 000,008,-18 495,314
-130 000,-50 000,-18 495,314
-130 000,-40 000,-18 498,438
-130 000,-29 999,998,-18 498,436
-130 000,-20 000,004,-18 504,689
-130 000,-10 000,-18 504,688
-130 000,0,-18 504,688
-130 000,9 999,994,-18 617,189
-130 000,20 000,-19 414,062
-130 000,29 999,994,-18 970,314
-130 000,39 999,992,-18 643,752
-130 000,49 999,996,-21 646,871
-130 000,59 999,992,-28 495,316
-130 000,69 999,992,-24 859,373
-130 000,80 000,008,-17 923,443
-130 000,90 000,-25 932,814
-130 000,100 000,-31 746,875
-130 000,109 999,984,-36 059,375
-130 000,120 000,-36 490
-130 000,130 000,-36 490
-130 000,140 000,-32 857,816
-130 000,150 000,-36 490
-130 000,160 000,-36 490
-130 000,170 000,-36 490
-130 000,180 000,-36 490
-130 000,190 000,-36 490
-130 000,200 000,-36 490
-130 000,210 000,-36 490
-130 000,220 000,-36 490
-130 000,230 000,016,-32 234,375
-130 000,239 999,984,-31 071,875
-130 000,249 999,984,-30 421,879
-130 000,260 000,-27 790,627
-130 000,269 999,969,-29 048,434
-130 000,280 000,-32 020,314
-130 000,290 000,031,-33 506,246
-130 000,300 000,031,-31 010,932
-130 000,310 000,-27 340,633
-130 000,320 000,031,-22 971,873
-130 000,330 000,031,-16 399,992
-130 000,340 000,-10 639,061
-130 000,350 000,-12 381,251
-130 000,360 000,-14 464,06
-130 000,370 000,031,-23 389,082
-130 000,380 000,031,-29 923,449
-130 000,390 000,031,-33 162,52
-130 000,400 000,-36 490
-120 000,-400 000,-36 490
-120 000,-390 000,-36 490
-120 000,-380 000,-36 490
-120 000,-370 000,-36 490
-120 000,-360 000,-29 970,316
-120 000,-350 000,-36 490
-120 000,-340 000,-21 770,32
-120 000,-330 000,-17 004,695
-120 000,-320 000,-8 164,068
-120 000,-309 999,969,-392,17
-120 000,-300 000,4 565,625
-120 000,-290 000,12 904,688
-120 000,-279 999,969,26 450,074
-120 000,-270 000,40 304,695
-120 000,-260 000,23 059,385
-120 000,-249 999,969,18 492,148
-120 000,-239 999,984,13 806,249
-120 000,-229 999,984,17 743,766
-120 000,-219 999,984,24 093,777
-120 000,-209 999,984,28 135,943
-119 999,953,-200 000,016,32 408,592
-120 000,-189 999,984,32 204,689
-120 000,-180 000,24 934,379
-120 000,-170 000,016,10 640,645
-120 000,-160 000,6 415,631
-120 000,-150 000,016,-2 001,561
-120 000,-139 999,984,-2 553,121
-120 000,-130 000,008,-768,758
-120 000,-120 000,1 795,314
-120 000,-109 999,984,-1 203,126
-120 000,-99 999,992,-3 270,316
-120 000,-89 999,992,-7 862,507
-120 000,-80 000,-15 337,498
-120 000,-70 000,-18 495,314
-120 000,-60 000,008,-18 495,314
-120 000,-50 000,-18 498,439
-120 000,-40 000,-18 498,438
-120 000,-29 999,998,-18 498,436
-120 000,-20 000,004,-18 504,689
-120 000,-10 000,-18 471,875
-120 000,0,002,-18 998,436
-120 000,9 999,996,-17 601,566
-120 000,19 999,998,-17 381,25
-120 000,29 999,992,-18 132,814
-120 000,39 999,992,-18 520,314
-120 000,49 999,996,-19 164,061
-120 000,59 999,996,-22 381,25
-120 000,69 999,992,-14 110,973
-120 000,80 000,-21 123,449
-120 000,90 000,-30 700,002
-120 000,100 000,-33 223,438
-120 000,110 000,-36 490
-120 000,120 000,-36 490
-120 000,129 999,992,-35 271,883
-120 000,140 000,-32 210,941
-120 000,150 000,-36 490
-120 000,160 000,-36 490
-120 000,170 000,-36 490
-120 000,179 999,984,-35 704,691
-120 000,190 000,-36 490
-120 000,200 000,-36 490
-120 000,210 000,-35 539,066
-120 000,219 999,984,-35 139,062
-120 000,230 000,016,-36 148,441
-120 000,239 999,984,-36 167,191
-120 000,249 999,984,-36 025
-120 000,260 000,-36 104,691
-120 000,269 999,969,-33 582,848
-120 000,280 000,-35 990,629
-120 000,290 000,031,-32 829,672
-120 000,300 000,031,-26 232,805
-120 000,310 000,-26 326,559
-120 000,320 000,031,-23 817,184
-120 000,330 000,031,-18 564,055
-120 000,340 000,-17 290,627
-120 000,350 000,-15 360,935
-120 000,360 000,-16 837,492
-120 000,370 000,031,-25 078,141
-120 000,380 000,031,-30 400,014
-120 000,390 000,-36 490
-120 000,400 000,-36 490
-110 000,-400 000,-36 490
-110 000,-390 000,-36 490
-110 000,-380 000,-36 490
-110 000,-370 000,-36 490
-110 000,-360 000,-36 490
-110 000,-350 000,-36 490
-110 000,-340 000,-20 864,07
-110 000,-330 000,-13 876,569
-110 000,-320 000,-10 212,506
-110 000,-309 999,969,-4 479,658
-110 000,-300 000,3 823,445
-110 000,-290 000,13 651,567
-110 000,-279 999,969,31 193,76
-110 000,-270 000,24 779,691
-110 000,-260 000,18 068,754
-110 000,-249 999,969,9 396,876
-110 000,-239 999,984,8 814,075
-110 000,-229 999,984,13 654,703
-110 000,-219 999,984,18 523,455
-110 000,-209 999,984,24 750,02
-110 000,-199 999,984,33 251,562
-110 000,-189 999,984,27 115,625
-110 000,-180 000,18 554,695
-110 000,-170 000,016,12 542,224
-110 000,-160 000,7 235,941
-110 000,-150 000,016,2 073,439
-110 000,-139 999,984,5 385,946
-110 000,-130 000,2 512,506
-110 000,-120 000,-6 245,312
-110 000,-109 999,992,-9 168,754
-110 000,-99 999,992,-7 635,936
-110 000,-89 999,992,-10 450,004
-110 000,-80 000,-16 585,936
-110 000,-70 000,-18 495,314
-110 000,-60 000,008,-18 495,314
-110 000,-50 000,-18 498,439
-110 000,-40 000,-18 504,688
-110 000,-30 000,-18 504,688
-110 000,-20 000,004,-18 504,689
-110 000,-10 000,-18 504,688
-110 000,0,-14 874,309
-110 000,9 999,996,-17 045,316
-110 000,20 000,-15 321,873
-110 000,29 999,994,-15 509,377
-110 000,39 999,996,-16 049,998
-110 000,49 999,996,-18 504,688
-110 000,60 000,-15 973,438
-110 000,69 999,992,-22 357,812
-110 000,80 000,-27 048,443
-110 000,89 999,992,-34 320,316
-110 000,100 000,-35 723,438
-110 000,109 999,984,-36 165,629
-110 000,120 000,-36 490
-110 000,129 999,992,-32 045,32
-110 000,140 000,-32 992,191
-110 000,149 999,984,-35 954,688
-110 000,160 000,-36 490
-110 000,170 000,-36 490
-110 000,180 000,-36 490
-110 000,190 000,-36 490
-110 000,200 000,-36 490
-110 000,210 000,-36 490
-110 000,220 000,-36 490
-110 000,230 000,-36 490
-110 000,240 000,-36 490
-110 000,250 000,-36 490
-110 000,260 000,-36 490
-110 000,270 000,-36 490
-110 000,280 000,-36 490
-110 000,290 000,031,-32 748,436
-110 000,300 000,031,-28 182,781
-110 000,310 000,-19 284,363
-110 000,320 000,031,-23 945,297
-110 000,330 000,031,-18 843,738
-110 000,340 000,-15 984,381
-110 000,350 000,-12 773,438
-110 000,360 000,-19 432,809
-110 000,370 000,031,-25 437,516
-110 000,380 000,031,-31 329,727
-110 000,390 000,031,-35 771,879
-110 000,400 000,-36 490
-100 000,-400 000,-36 490
-100 000,-390 000,-36 490
-100 000,-380 000,-36 490
-100 000,-370 000,-36 490
-100 000,-360 000,-36 490
-100 000,-350 000,-31 840,643
-100 000,-340 000,-19 717,191
-100 000,-330 000,-10 542,188
-100 000,-320 000,-1 976,566
-100 000,-309 999,969,-2 975,012
-100 000,-300 000,5 239,06
-100 000,-290 000,18 053,125
-100 000,-279 999,969,18 214,078
-100 000,-270 000,15 281,257
-100 000,-260 000,10 450,008
-100 000,-249 999,969,4 935,917
-100 000,-239 999,984,4 159,38
-100 000,-229 999,984,13 300,002
-100 000,-219 999,984,19 959,393
-100 000,-209 999,984,25 821,883
-100 000,-199 999,984,34 145,312
-100 000,-189 999,984,31 918,75
-100 000,-180 000,25 031,258
-100 000,-170 000,016,17 768,775
-100 000,-160 000,11 659,385
-100 000,-150 000,016,8 318,741
-100 000,-139 999,984,2 610,94
-100 000,-130 000,-3 615,617
-100 000,-120 000,-9 817,188
-100 000,-109 999,992,-12 231,252
-100 000,-99 999,992,-10 898,435
-100 000,-89 999,992,-15 782,82
-100 000,-80 000,-18 504,688
-100 000,-70 000,-18 495,314
-100 000,-60 000,008,-18 495,314
-100 000,-50 000,-18 500,002
-100 000,-40 000,-18 450,002
-100 000,-30 000,-18 504,688
-100 000,-20 000,004,-18 504,689
-100 000,-10 000,-15 106,844
-100 000,0,002,-18 429,686
-100 000,9 999,997,-12 662,5
-100 000,20 000,-13 520,312
-100 000,29 999,994,-13 237,497
-100 000,39 999,992,-15 314,062
-100 000,50 000,-12 751,558
-100 000,59 999,996,-23 442,191
-100 000,69 999,984,-28 120,312
-100 000,80 000,-31 193,756
-100 000,89 999,992,-32 112,504
-100 000,100 000,-31 767,188
-100 000,109 999,984,-33 790,625
-100 000,119 999,984,-31 581,254
-100 000,129 999,992,-25 734,379
-100 000,140 000,-27 810,941
-100 000,149 999,984,-34 503,125
-100 000,160 000,-35 454,691
-100 000,170 000,-36 490
-100 000,180 000,-36 490
-100 000,190 000,-36 490
-100 000,200 000,-36 490
-100 000,210 000,-36 490
-100 000,220 000,-36 490
-100 000,230 000,-36 490
-100 000,240 000,-36 490
-100 000,250 000,-36 490
-100 000,260 000,-36 490
-100 000,270 000,-36 490
-100 000,280 000,-36 490
-100 000,290 000,031,-32 743,75
-100 000,300 000,031,-27 592,168
-100 000,310 000,-20 179,691
-100 000,320 000,031,-16 981,262
-100 000,330 000,031,-16 784,361
-100 000,340 000,-13 790,627
-100 000,350 000,-11 839,055
-100 000,360 000,-22 176,559
-100 000,370 000,031,-26 945,324
-100 000,380 000,031,-30 467,195
-100 000,390 000,031,-35 978,145
-100 000,400 000,-36 490
-90 000,-400 000,-36 490
-90 000,-390 000,-36 490
-90 000,-380 000,-36 490
-90 000,-370 000,-36 490
-90 000,-360 000,-36 490
-90 000,-350 000,-31 306,285
-90 000,-340 000,-18 992,195
-90 000,-330 000,-9 317,203
-90 000,-320 000,3 140,619
-90 000,-309 999,969,5 843,752
-90 000,-300 000,5 817,189
-90 000,-290 000,13 726,56
-90 000,-279 999,969,10 690,631
-90 000,-270 000,2 637,507
-90 000,-260 000,4 671,873
-90 000,-249 999,969,106,254
-90 000,-239 999,984,4 229,696
-90 000,-229 999,984,13 985,947
-90 000,-219 999,984,22 798,469
-90 000,-209 999,984,36 254,703
-90 000,-199 999,984,34 960,953
-90 000,-189 999,984,39 084,375
-90 000,-180 000,34 928,137
-90 000,-170 000,016,25 600,008
-90 000,-160 000,14 887,506
-90 000,-150 000,016,6 642,202
-90 000,-139 999,984,-293,753
-90 000,-130 000,-6 849,993
-90 000,-120 000,-9 587,5
-90 000,-109 999,992,-12 292,188
-90 000,-99 999,992,-15 918,754
-90 000,-89 999,992,-17 314,068
-90 000,-80 000,-18 495,312
-90 000,-70 000,-13 889,226
-90 000,-60 000,008,-18 495,314
-90 000,-50 000,-15 671
-90 000,-40 000,-18 504,689
-90 000,-30 000,-18 454,688
-90 000,-20 000,004,-18 254,689
-90 000,-10 000,-18 278,125
-90 000,0,002,-17 768,748
-90 000,9 999,994,-18 470,314
-90 000,19 999,998,-17 512,5
-90 000,29 999,996,-10 428,128
-90 000,40 000,-10 031,247
-90 000,50 000,-15 696,872
-90 000,59 999,996,-23 267,189
-90 000,69 999,984,-25 981,25
-90 000,80 000,-30 068,754
-90 000,90 000,-24 675,004
-90 000,100 000,-25 507,812
-90 000,109 999,984,-28 084,385
-90 000,119 999,984,-29 725
-90 000,129 999,992,-28 070,316
-90 000,140 000,-31 859,379
-90 000,149 999,984,-34 393,75
-90 000,160 000,-32 421,875
-90 000,170 000,-31 195,314
-90 000,179 999,984,-36 415,621
-90 000,190 000,-36 490
-90 000,200 000,-36 490
-90 000,210 000,-36 490
-90 000,220 000,-36 490
-90 000,230 000,-36 490
-90 000,240 000,-36 490
-90 000,250 000,-36 490
-90 000,260 000,-36 490
-90 000,270 000,-36 490
-90 000,280 000,-36 490
-90 000,290 000,031,-31 875,012
-90 000,300 000,031,-26 945,314
-90 000,310 000,-27 553,135
-90 000,320 000,031,-18 343,746
-90 000,330 000,031,-13 678,126
-90 000,340 000,-14 034,38
-90 000,350 000,-14 371,86
-90 000,360 000,-23 084,371
-90 000,370 000,031,-28 534,387
-90 000,380 000,031,-30 231,256
-90 000,390 000,-36 490
-90 000,400 000,-36 490
-80 000,-400 000,-36 490
-80 000,-390 000,-36 490
-80 000,-380 000,-36 490
-80 000,-370 000,-36 490
-80 000,-360 000,-26 465,639
-80 000,-350 000,-20 160,939
-80 000,-340 000,-16 210,938
-80 000,-330 000,-11 506,258
-80 000,-320 000,-3 082,815
-80 000,-309 999,969,2 560,936
-80 000,-300 000,3 998,439
-80 000,-290 000,5 642,187
-80 000,-279 999,969,2 631,244
-80 000,-270 000,-2 340,621
-80 000,-260 000,-3 810,936
-80 000,-249 999,969,-2 317,172
-80 000,-239 999,984,3 125,015
-80 000,-229 999,984,8 643,76
-80 000,-219 999,984,21 404,693
-80 000,-209 999,984,26 803,117
-80 000,-199 999,984,27 317,191
-80 000,-189 999,984,29 545,324
-80 000,-180 000,35 840,641
-80 000,-170 000,016,28 064,082
-80 000,-160 000,16 489,064
-80 000,-150 000,016,7 896,896
-80 000,-139 999,984,-29,688
-80 000,-130 000,-5 424,996
-80 000,-120 000,-9 606,251
-80 000,-109 999,992,-12 976,564
-80 000,-99 999,992,-11 203,122
-80 000,-89 999,992,-13 235,938
-80 000,-80 000,-18 495,312
-80 000,-70 000,-18 495,314
-80 000,-60 000,008,-18 495,314
-80 000,-50 000,-16 653,127
-80 000,-40 000,-18 462,502
-80 000,-30 000,-18 323,438
-80 000,-20 000,004,-18 475,002
-80 000,-10 000,-17 942,188
-80 000,0,002,-18 439,061
-80 000,9 999,995,-18 526,562
-80 000,20 000,-15 365,625
-80 000,29 999,996,-10 343,758
-80 000,40 000,-12 314,062
-80 000,50 000,-16 896,873
-80 000,60 000,-19 689,062
-80 000,69 999,992,-17 910,932
-80 000,80 000,008,-18 714,064
-80 000,90 000,-14 760,938
-80 000,100 000,-20 845,312
-80 000,109 999,984,-25 473,432
-80 000,119 999,984,-29 853,129
-80 000,129 999,992,-32 660,941
-80 000,140 000,-33 368,754
-80 000,149 999,984,-31 395,322
-80 000,160 000,-24 139,059
-80 000,170 000,-31 543,758
-80 000,180 000,-36 490
-80 000,190 000,-36 490
-80 000,200 000,-36 490
-80 000,210 000,-36 490
-80 000,220 000,-36 490
-80 000,230 000,-36 490
-80 000,240 000,-36 490
-80 000,249 999,984,-34 203,129
-80 000,260 000,-36 490
-80 000,270 000,-36 490
-80 000,280 000,-36 490
-80 000,290 000,-35 025,004
-80 000,300 000,031,-33 354,68
-80 000,310 000,-26 804,697
-80 000,320 000,031,-21 773,43
-80 000,330 000,031,-13 328,119
-80 000,340 000,-13 553,119
-80 000,350 000,-20 778,121
-80 000,360 000,-25 260,934
-80 000,370 000,031,-30 017,188
-80 000,380 000,031,-29 815,625
-80 000,390 000,-36 490
-80 000,400 000,-36 490
-70 000,-400 000,-36 490
-70 000,-390 000,-36 490
-70 000,-380 000,-36 490
-70 000,-370 000,-24 584,379
-70 000,-360 000,-19 128,125
-70 000,-350 000,-16 839,066
-70 000,-340 000,-13 612,503
-70 000,-330 000,-11 468,755
-70 000,-320 000,-7 270,317
-70 000,-309 999,969,-4 696,869
-70 000,-300 000,-1 165,627
-70 000,-290 000,4 989,063
-70 000,-279 999,969,-201,586
-70 000,-270 000,-4 573,436
-70 000,-260 000,-5 409,373
-70 000,-249 999,969,-3 373,43
-70 000,-239 999,984,2 660,946
-70 000,-229 999,984,9 793,76
-70 000,-219 999,984,18 834,383
-70 000,-209 999,984,18 890,635
-70 000,-199 999,984,17 279,693
-70 000,-189 999,984,25 042,199
-70 000,-180 000,25 679,691
-70 000,-170 000,016,19 348,441
-70 000,-160 000,12 256,254
-70 000,-150 000,016,7 896,88
-70 000,-139 999,984,2 537,506
-70 000,-130 000,1 232,82
-70 000,-120 000,-8 981,25
-70 000,-109 999,992,-11 720,314
-70 000,-99 999,992,-10 945,312
-70 000,-89 999,992,-7 246,88
-70 000,-80 000,-16 817,186
-70 000,-70 000,-16 089,062
-70 000,-60 000,008,-15 693,75
-70 000,-50 000,-9 423,438
-70 000,-40 000,-17 765,625
-70 000,-29 999,998,-18 468,748
-70 000,-20 000,004,-18 450,002
-70 000,-10 000,004,-17 964,064
-70 000,0,002,-18 387,498
-70 000,9 999,994,-18 554,688
-70 000,20 000,-16 823,438
-70 000,29 999,996,-9 410,941
-70 000,40 000,-9 726,56
-70 000,50 000,-15 067,184
-70 000,60 000,-14 276,564
-70 000,69 999,992,-9 110,939
-70 000,80 000,008,-11 010,937
-70 000,90 000,-10 514,06
-70 000,100 000,-18 465,625
-70 000,109 999,992,-23 245,309
-70 000,119 999,984,-31 306,242
-70 000,129 999,992,-33 050,004
-70 000,140 000,-33 556,25
-70 000,149 999,984,-31 593,76
-70 000,160 000,-22 920,309
-70 000,170 000,-26 551,568
-70 000,179 999,984,-35 123,426
-70 000,190 000,-36 490
-70 000,200 000,-36 490
-70 000,210 000,-36 490
-70 000,220 000,-36 490
-70 000,230 000,-36 490
-70 000,240 000,-36 490
-70 000,249 999,984,-33 853,133
-70 000,260 000,-31 565,631
-70 000,269 999,969,-33 196,883
-70 000,280 000,-31 920,314
-70 000,290 000,031,-33 756,266
-70 000,300 000,031,-31 526,559
-70 000,310 000,-28 129,701
-70 000,320 000,031,-17 896,84
-70 000,330 000,031,-10 973,435
-70 000,340 000,-15 768,744
-70 000,350 000,-21 884,371
-70 000,360 000,-26 331,248
-70 000,370 000,031,-29 414,07
-70 000,380 000,-36 490
-70 000,390 000,-36 490
-70 000,400 000,-36 490
-60 000,-400 000,-36 490
-60 000,-390 000,-36 490
-60 000,-380 000,-36 490
-60 000,-370 000,-30 662,49
-60 000,-360 000,-27 242,191
-60 000,-350 000,-25 331,254
-60 000,-340 000,-16 781,252
-60 000,-330 000,-12 646,883
-60 000,-320 000,-7 196,885
-60 000,-309 999,969,-1 420,312
-60 000,-300 000,-2 875,002
-60 000,-290 000,1 837,503
-60 000,-279 999,969,-656,275
-60 000,-270 000,-5 143,748
-60 000,-260 000,-5 564,061
-60 000,-249 999,969,-2 865,615
-60 000,-239 999,984,284,379
-60 000,-229 999,984,7 851,572
-60 000,-219 999,984,18 135,945
-60 000,-209 999,984,16 042,193
-60 000,-199 999,984,14 571,877
-60 000,-189 999,984,18 757,822
-60 000,-180 000,14 642,195
-60 000,-170 000,016,12 410,942
-60 000,-160 000,9 175,002
-60 000,-150 000,016,4 381,262
-60 000,-139 999,984,-1 870,313
-60 000,-130 000,-2 687,49
-60 000,-120 000,-7 257,812
-60 000,-109 999,992,-11 640,625
-60 000,-99 999,992,-10 195,312
-60 000,-89 999,992,-5 654,675
-60 000,-80 000,-9 971,873
-60 000,-70 000,-11 868,752
-60 000,-60 000,004,-7 628,128
-60 000,-50 000,-9 448,438
-60 000,-40 000,-17 112,5
-60 000,-30 000,-18 495,312
-60 000,-20 000,004,-18 504,689
-60 000,-10 000,003,-17 532,812
-60 000,0,-18 242,188
-60 000,9 999,994,-18 510,938
-60 000,19 999,996,-18 659,375
-60 000,29 999,996,-10 101,565
-60 000,40 000,-7 190,621
-60 000,50 000,-12 537,497
-60 000,60 000,-10 868,75
-60 000,69 999,992,-7 439,065
-60 000,80 000,008,-4 235,937
-60 000,90 000,-8 495,312
-60 000,100 000,-17 046,875
-60 000,109 999,984,-22 026,562
-60 000,119 999,984,-25 798,438
-60 000,129 999,992,-31 520,318
-60 000,140 000,-33 460,938
-60 000,149 999,984,-32 237,508
-60 000,160 000,-25 859,377
-60 000,170 000,-30 675,004
-60 000,179 999,984,-34 223,438
-60 000,190 000,-35 885,941
-60 000,200 000,-31 687,504
-60 000,210 000,-36 082,82
-60 000,220 000,-36 490
-60 000,230 000,-36 490
-60 000,240 000,-36 490
-60 000,249 999,984,-35 300,012
-60 000,260 000,-29 456,254
-60 000,269 999,969,-26 910,941
-60 000,280 000,-27 464,066
-60 000,290 000,031,-29 226,596
-60 000,300 000,031,-29 564,074
-60 000,310 000,-28 320,322
-60 000,320 000,031,-20 360,934
-60 000,330 000,031,-13 771,869
-60 000,340 000,-18 045,309
-60 000,350 000,-23 245,309
-60 000,360 000,-26 670,311
-60 000,370 000,031,-29 193,758
-60 000,380 000,-36 490
-60 000,390 000,-36 490
-60 000,400 000,-36 490
-50 000,-400 000,-36 490
-50 000,-390 000,-36 490
-50 000,-380 000,-36 490
-50 000,-370 000,-35 743,766
-50 000,-360 000,-34 414,043
-50 000,-350 000,-35 489,074
-50 000,-340 000,-34 220,305
-50 000,-330 000,-31 918,77
-50 000,-320 000,-24 828,125
-50 000,-309 999,969,-14 679,669
-50 000,-300 000,-11 065,63
-50 000,-290 000,-6 357,814
-50 000,-279 999,969,-1 757,799
-50 000,-270 000,-4 009,37
-50 000,-260 000,-4 793,75
-50 000,-249 999,969,59,389
-50 000,-239 999,984,7 090,64
-50 000,-229 999,984,11 326,572
-50 000,-219 999,984,15 317,191
-50 000,-209 999,984,15 214,064
-50 000,-199 999,984,15 476,566
-50 000,-189 999,984,16 698,445
-50 000,-180 000,8 957,818
-50 000,-170 000,016,6 754,686
-50 000,-160 000,8 348,439
-50 000,-150 000,016,4 150,009
-50 000,-139 999,984,-1 332,811
-50 000,-130 000,008,-5 054,68
-50 000,-120 000,-8 796,875
-50 000,-109 999,992,-9 167,186
-50 000,-99 999,992,-7 059,37
-50 000,-89 999,992,-3 364,06
-50 000,-80 000,-3 851,562
-50 000,-70 000,-2 837,499
-50 000,-60 000,4 739,068
-50 000,-50 000,-6 978,127
-50 000,-40 000,-12 985,938
-50 000,-30 000,-18 506,25
-50 000,-20 000,004,-15 657,815
-50 000,-9 999,998,-8 164,061
-50 000,0,-36 490
-50 000,9 999,995,-15 223,438
-50 000,19 999,998,-18 484,375
-50 000,29 999,994,-16 351,568
-50 000,40 000,-7 760,94
-50 000,50 000,-5 617,184
-50 000,60 000,004,-2 524,999
-50 000,70 000,-674,996
-50 000,80 000,008,-5 842,191
-50 000,90 000,-10 956,248
-50 000,100 000,-10 518,748
-50 000,109 999,992,-14 734,371
-50 000,119 999,992,-24 309,371
-50 000,130 000,-30 787,502
-50 000,140 000,-33 015,629
-50 000,149 999,984,-29 640,637
-50 000,160 000,-25 285,941
-50 000,170 000,-24 967,189
-50 000,179 999,984,-29 420,312
-50 000,190 000,-29 487,506
-50 000,200 000,-30 090,631
-50 000,210 000,-36 490
-50 000,220 000,-36 490
-50 000,230 000,-36 490
-50 000,240 000,-36 490
-50 000,249 999,984,-33 140,629
-50 000,260 000,-26 271,875
-50 000,269 999,969,-20 109,391
-50 000,280 000,-21 865,635
-50 000,290 000,031,-24 979,691
-50 000,300 000,031,-26 351,559
-50 000,310 000,-22 562,504
-50 000,320 000,031,-21 839,062
-50 000,330 000,031,-21 762,5
-50 000,340 000,-21 845,314
-50 000,350 000,-22 229,686
-50 000,360 000,-26 654,689
-50 000,370 000,031,-30 501,574
-50 000,380 000,-36 490
-50 000,390 000,031,-35 623,441
-50 000,400 000,-36 490
-40 000,-400 000,-36 490
-40 000,-389 999,969,-35 396,875
-40 000,-380 000,-28 932,832
-40 000,-370 000,-19 862,504
-40 000,-360 000,-15 132,814
-40 000,-350 000,-12 231,254
-40 000,-340 000,-9 456,249
-40 000,-330 000,-6 221,876
-40 000,-320 000,-6 210,933
-40 000,-309 999,969,-11 585,943
-40 000,-300 000,-15 046,876
-40 000,-290 000,-16 079,692
-40 000,-279 999,969,-13 764,072
-40 000,-270 000,-4 165,63
-40 000,-260 000,-3 320,308
-40 000,-249 999,969,-703,115
-40 000,-239 999,984,6 698,446
-40 000,-229 999,984,9 417,178
-40 000,-219 999,984,9 740,63
-40 000,-209 999,984,12 670,32
-40 000,-199 999,984,14 559,383
-40 000,-189 999,984,14 346,866
-40 000,-180 000,5 734,381
-40 000,-170 000,016,2 345,328
-40 000,-160 000,4 904,682
-40 000,-150 000,016,3 756,254
-40 000,-139 999,984,-1 460,938
-40 000,-130 000,-2 645,311
-40 000,-120 000,-1 809,375
-40 000,-109 999,992,-5 239,064
-40 000,-99 999,992,-2 812,492
-40 000,-89 999,984,4 189,067
-40 000,-79 999,992,4 400,004
-40 000,-69 999,992,9 759,379
-40 000,-60 000,3 207,814
-40 000,-50 000,-6 315,626
-40 000,-40 000,-12 339,062
-40 000,-30 000,-14 250
-40 000,-20 000,004,-14 637,503
-40 000,-9 999,998,-9 409,373
-40 000,0,-36 490
-40 000,9 999,997,-10 996,875
-40 000,19 999,998,-18 125
-40 000,29 999,994,-17 079,697
-40 000,39 999,996,-11 956,252
-40 000,50 000,-7 248,434
-40 000,60 000,-4 135,937
-40 000,70 000,-3 595,31
-40 000,80 000,008,-5 479,686
-40 000,90 000,-9 128,125
-40 000,100 000,-16 484,373
-40 000,109 999,992,-19 642,197
-40 000,119 999,992,-20 996,867
-40 000,130 000,-29 817,189
-40 000,140 000,-30 971,875
-40 000,149 999,984,-30 020,32
-40 000,160 000,-22 129,688
-40 000,170 000,016,-15 292,189
-40 000,179 999,984,-22 771,871
-40 000,190 000,-24 096,863
-40 000,200 000,-28 668,754
-40 000,210 000,-34 610,945
-40 000,219 999,984,-35 242,195
-40 000,230 000,016,-33 098,469
-40 000,240 000,-36 490
-40 000,249 999,984,-31 854,695
-40 000,260 000,-26 687,496
-40 000,269 999,969,-16 875,02
-40 000,280 000,-13 796,869
-40 000,290 000,031,-21 032,848
-40 000,300 000,031,-21 829,688
-40 000,310 000,-20 924,996
-40 000,320 000,031,-12 956,232
-40 000,330 000,031,-16 625,029
-40 000,340 000,-21 498,439
-40 000,350 000,-23 001,559
-40 000,360 000,-29 274,973
-40 000,370 000,-36 490
-40 000,380 000,-36 490
-40 000,390 000,031,-33 595,336
-40 000,400 000,-36 490
-30 000,-400 000,-34 673,438
-30 000,-389 999,969,-31 610,934
-30 000,-380 000,-28 073,459
-30 000,-370 000,-15 795,318
-30 000,-360 000,-13 304,689
-30 000,-350 000,-10 185,939
-30 000,-340 000,-7 732,815
-30 000,-330 000,-4 290,626
-30 000,-320 000,-73,438
-30 000,-309 999,969,79,682
-30 000,-300 000,-2 721,869
-30 000,-290 000,-4 423,436
-30 000,-279 999,969,-6 725,008
-30 000,-270 000,-12 512,5
-30 000,-260 000,-13 170,314
-30 000,-249 999,969,26,567
-30 000,-239 999,984,4 057,815
-30 000,-229 999,984,5 495,314
-30 000,-219 999,984,4 842,19
-30 000,-209 999,984,6 484,381
-30 000,-199 999,984,11 146,878
-30 000,-189 999,984,7 089,06
-30 000,-180 000,1 507,826
-30 000,-170 000,016,-1 553,121
-30 000,-160 000,4 470,312
-30 000,-150 000,016,-249,991
-30 000,-139 999,984,-2 515,626
-30 000,-130 000,-806,248
-30 000,-119 999,992,3 993,752
-30 000,-109 999,992,517,186
-30 000,-99 999,992,5 895,314
-30 000,-89 999,984,10 617,2
-30 000,-79 999,984,15 404,695
-30 000,-69 999,992,12 482,811
-30 000,-60 000,2 543,754
-30 000,-50 000,-6 675,002
-30 000,-40 000,-10 868,75
-30 000,-30 000,-11 910,937
-30 000,-20 000,004,-11 685,941
-30 000,-9 999,999,-9 882,812
-30 000,0,-36 490
-30 000,9 999,997,-10 940,624
-30 000,19 999,998,-17 167,186
-30 000,29 999,994,-18 493,752
-30 000,39 999,992,-17 589,066
-30 000,50 000,-10 237,499
-30 000,60 000,-8 490,624
-30 000,70 000,-3 306,249
-30 000,80 000,008,-5 798,442
-30 000,90 000,-15 853,124
-30 000,100 000,-21 803,125
-30 000,109 999,992,-21 937,502
-30 000,119 999,992,-25 604,684
-30 000,129 999,992,-27 923,441
-30 000,140 000,-24 684,375
-30 000,149 999,984,-27 231,25
-30 000,160 000,-24 026,562
-30 000,170 000,-16 626,549
-30 000,179 999,984,-19 382,809
-30 000,190 000,-21 487,504
-30 000,200 000,-24 578,125
-30 000,210 000,-29 265,639
-30 000,219 999,984,-30 070,326
-30 000,230 000,016,-31 426,57
-30 000,239 999,984,-32 898,438
-30 000,249 999,984,-29 684,395
-30 000,260 000,-20 860,934
-30 000,269 999,969,-12 490,637
-30 000,280 000,-9 123,441
-30 000,290 000,031,-13 334,391
-30 000,300 000,031,-15 398,447
-30 000,310 000,-12 500,006
-30 000,320 000,031,-12 896,885
-30 000,330 000,031,-19 232,846
-30 000,340 000,-20 564,062
-30 000,350 000,-22 881,248
-30 000,360 000,-26 109,375
-30 000,370 000,-36 490
-30 000,380 000,-36 490
-30 000,390 000,-36 490
-30 000,400 000,-36 490
-20 000,-400 000,-36 490
-20 000,-389 999,969,-31 206,252
-20 000,-380 000,-29 721,889
-20 000,-370 000,-15 117,193
-20 000,-360 000,-12 445,315
-20 000,-350 000,-8 682,812
-20 000,-340 000,-5 570,312
-20 000,-330 000,1 653,123
-20 000,-320 000,4 734,374
-20 000,-309 999,969,8 720,309
-20 000,-300 000,5 185,946
-20 000,-290 000,-743,755
-20 000,-279 999,969,1 701,543
-20 000,-270 000,-6 248,432
-20 000,-260 000,-14 837,497
-20 000,-249 999,984,-11 718,755
-20 000,-239 999,984,-8 176,56
-20 000,-229 999,984,-2 354,691
-20 000,-219 999,984,-384,373
-20 000,-209 999,984,3 390,635
-20 000,-199 999,984,8 326,568
-20 000,-189 999,984,1 289,058
-20 000,-180 000,-2 331,238
-20 000,-170 000,016,-4 270,312
-20 000,-160 000,1 725,002
-20 000,-150 000,016,-2 273,433
-20 000,-139 999,984,-2 393,747
-20 000,-130 000,-737,498
-20 000,-120 000,-1 201,561
-20 000,-109 999,984,3 396,891
-20 000,-99 999,984,10 525,009
-20 000,-89 999,984,8 114,065
-20 000,-79 999,992,8 081,256
-20 000,-70 000,7 096,875
-20 000,-60 000,-420,309
-20 000,-50 000,-5 207,813
-20 000,-40 000,-8 243,75
-20 000,-29 999,996,-3 865,623
-20 000,-20 000,002,-7 684,375
-20 000,-9 999,999,-10 517,188
-20 000,0,-36 490
-20 000,9 999,998,-6 217,186
-20 000,20 000,-13 365,625
-20 000,29 999,992,-18 537,502
-20 000,39 999,992,-16 740,629
-20 000,50 000,-12 540,628
-20 000,60 000,-6 690,625
-20 000,70 000,-3 029,682
-20 000,80 000,008,-12 203,131
-20 000,90 000,-17 525
-20 000,100 000,-21 395,312
-20 000,109 999,992,-25 687,5
-20 000,119 999,992,-25 698,439
-20 000,130 000,-25 651,564
-20 000,140 000,-23 223,438
-20 000,149 999,984,-21 825
-20 000,160 000,-21 651,561
-20 000,170 000,-17 245,309
-20 000,179 999,984,-12 009,39
-20 000,190 000,-12 850,008
-20 000,200 000,-18 953,129
-20 000,210 000,-22 728,135
-20 000,219 999,984,-22 240,631
-20 000,230 000,016,-23 546,879
-20 000,239 999,984,-28 773,441
-20 000,249 999,984,-28 679,689
-20 000,260 000,-22 465,617
-20 000,269 999,969,-17 629,695
-20 000,280 000,-13 525,006
-20 000,290 000,031,-265,629
-20 000,300 000,031,-2 353,121
-20 000,310 000,-9 345,309
-20 000,320 000,031,-16 254,694
-20 000,330 000,031,-21 743,742
-20 000,340 000,-21 109,375
-20 000,350 000,-23 615,623
-20 000,360 000,-26 410,936
-20 000,370 000,031,-27 898,445
-20 000,380 000,-36 490
-20 000,390 000,-36 490
-20 000,400 000,-36 490
-10 000,-400 000,-36 490
-10 000,-389 999,969,-30 915,621
-10 000,-380 000,-28 010,945
-10 000,-370 000,-15 168,755
-10 000,-360 000,-11 059,378
-10 000,-350 000,-6 834,38
-10 000,-340 000,-2 223,44
-10 000,-330 000,3 048,435
-10 000,-320 000,6 671,875
-10 000,-309 999,969,7 578,139
-10 000,-300 000,2 629,69
-10 000,-290 000,7 390,628
-10 000,-279 999,969,8 112,488
-10 000,-270 000,1 115,63
-10 000,-260 000,-5 378,121
-10 000,-249 999,984,-11 846,915
-10 000,-240 000,-10 354,699
-10 000,-229 999,984,-7 590,623
-10 000,-219 999,984,-4 659,362
-10 000,-209 999,984,-6 764,058
-10 000,-199 999,984,440,63
-10 000,-189 999,984,-843,752
-10 000,-180 000,-5 701,559
-10 000,-170 000,016,-5 550
-10 000,-160 000,-1 156,244
-10 000,-150 000,016,-3 623,437
-10 000,-139 999,984,-1 696,869
-10 000,-130 000,-3 449,996
-10 000,-120 000,-3 884,374
-10 000,-109 999,984,-137,49
-10 000,-99 999,992,5 681,266
-10 000,-89 999,984,6 034,372
-10 000,-79 999,992,4 078,129
-10 000,-70 000,3 645,312
-10 000,-60 000,-417,183
-10 000,-50 000,-3 943,75
-10 000,-40 000,-3 456,249
-10 000,-29 999,998,-3 884,375
-10 000,-20 000,-6 092,188
-10 000,-9 999,999,-8 748,437
-10 000,0,-36 490
-10 000,9 999,997,-8 029,686
-10 000,20 000,-16 495,312
-10 000,29 999,992,-18 562,502
-10 000,39 999,996,-14 725,004
-10 000,50 000,-9 273,437
-10 000,60 000,-4 192,187
-10 000,70 000,-5 323,429
-10 000,80 000,008,-17 104,699
-10 000,90 000,-21 429,688
-10 000,100 000,-25 365,627
-10 000,109 999,992,-24 517,188
-10 000,119 999,992,-25 085,938
-10 000,130 000,-22 289,062
-10 000,140 000,-23 590,625
-10 000,149 999,984,-22 990,627
-10 000,160 000,-19 160,936
-10 000,170 000,-14 249,998
-10 000,180 000,-10 746,875
-10 000,190 000,016,-806,255
-10 000,200 000,016,-10 381,257
-10 000,210 000,-12 359,374
-10 000,220 000,-12 990,624
-10 000,230 000,016,-23 059,383
-10 000,239 999,984,-28 348,439
-10 000,250 000,-24 659,381
-10 000,260 000,-21 021,867
-10 000,269 999,969,-15 218,783
-10 000,280 000,-10 443,751
-10 000,290 000,031,-2 724,951
-10 000,300 000,031,-1 648,471
-10 000,310 000,-10 740,625
-10 000,320 000,031,-15 165,637
-10 000,330 000,031,-18 350,002
-10 000,340 000,-20 245,312
-10 000,350 000,-22 789,062
-10 000,360 000,-23 592,188
-10 000,370 000,031,-27 146,881
-10 000,380 000,-36 490
-10 000,390 000,-36 490
-10 000,400 000,-36 490
0,-400 000,-36 490
0,-389 999,969,-31 018,752
0,-380 000,-26 195,322
0,-370 000,-17 371,875
0,-360 000,-11 584,374
0,-350 000,-6 165,628
0,-340 000,190,627
0,-330 000,2 253,125
0,-320 000,3 285,939
0,-309 999,969,4 614,068
0,-300 000,4 921,876
0,-290 000,6 864,067
0,-279 999,969,7 585,963
0,-270 000,13 026,564
0,-260 000,9 254,701
0,-249 999,969,7 570,313
0,-239 999,984,2 462,487
0,-229 999,984,-2 051,549
0,-219 999,984,10 046,901
0,-209 999,984,9 595,301
0,-199 999,984,-1 525
0,-189 999,984,-5 809,375
0,-180 000,-5 849,996
0,-170 000,016,-3 017,19
0,-160 000,-1 251,559
0,-150 000,016,-2 373,448
0,-139 999,984,-517,187
0,-130 000,-3 957,809
0,-120 000,-4 082,812
0,-109 999,984,-1 812,494
0,-99 999,984,5 993,761
0,-89 999,984,6 129,688
0,-79 999,992,4 487,504
0,-70 000,567,188
0,-60 000,-940,623
0,-49 999,996,296,876
0,-39 999,996,1 045,314
0,-29 999,998,-5 079,686
0,-20 000,-6 079,688
0,-9 999,996,-6 153,122
0,0,-300
0,9 999,995,-13 120,311
0,20 000,-17 565,625
0,29 999,994,-18 256,252
0,40 000,-13 912,501
0,50 000,-8 642,186
0,60 000,-6 348,438
0,69 999,992,-8 854,677
0,80 000,008,-16 704,695
0,90 000,-22 339,062
0,100 000,-22 978,127
0,109 999,992,-21 909,383
0,119 999,992,-20 525
0,130 000,-20 862,504
0,140 000,-22 167,188
0,149 999,984,-20 585,941
0,160 000,-18 700,008
0,170 000,-13 045,307
0,180 000,-3 012,508
0,190 000,016,-250,006
0,200 000,016,-6 264,068
0,210 000,-11 862,502
0,219 999,984,-20 657,805
0,230 000,016,-24 264,072
0,239 999,984,-24 856,254
0,250 000,-23 096,873
0,260 000,-17 684,375
0,269 999,969,-6 457,825
0,280 000,-268,751
0,290 000,031,2 460,953
0,300 000,031,-3 129,699
0,310 000,-9 870,311
0,320 000,031,-13 371,886
0,330 000,031,-15 934,377
0,340 000,-17 929,688
0,350 000,-18 989,059
0,360 000,-22 845,312
0,370 000,031,-25 501,57
0,380 000,-36 490
0,390 000,-36 490
0,400 000,-36 490
10 000,-400 000,-36 490
10 000,-389 999,969,-30 890,619
10 000,-380 000,-27 993,764
10 000,-370 000,-17 618,752
10 000,-360 000,-11 975,007
10 000,-350 000,-4 807,819
10 000,-340 000,3 373,438
10 000,-330 000,4 531,25
10 000,-320 000,3 929,689
10 000,-309 999,969,5 279,691
10 000,-300 000,5 620,313
10 000,-290 000,7 601,567
10 000,-280 000,9 027,941
10 000,-270 000,6 598,438
10 000,-260 000,13 139,061
10 000,-249 999,969,15 320,309
10 000,-239 999,984,9 718,749
10 000,-229 999,984,12 535,951
10 000,-219 999,984,8 001,556
10 000,-209 999,984,3 320,316
10 000,-199 999,984,-1 689,064
10 000,-189 999,984,-3 042,186
10 000,-180 000,-5 009,371
10 000,-170 000,016,-4 954,682
10 000,-160 000,-3 673,438
10 000,-150 000,016,-3 275,009
10 000,-139 999,984,1 135,939
10 000,-130 000,-217,18
10 000,-120 000,-2 823,436
10 000,-109 999,984,3 323,445
10 000,-99 999,984,11 192,204
10 000,-89 999,984,8 389,058
10 000,-80 000,2 995,314
10 000,-70 000,-283,645
10 000,-60 000,004,-4 117,188
10 000,-49 999,996,3 809,378
10 000,-39 999,996,765,624
10 000,-29 999,996,-7 104,686
10 000,-20 000,004,-10 417,188
10 000,-9 999,998,-5 346,875
10 000,0,-17 379,688
10 000,9 999,994,-19 018,75
10 000,20 000,-19 271,875
10 000,29 999,994,-17 435,939
10 000,40 000,-14 128,126
10 000,50 000,-11 551,558
10 000,60 000,-16 223,438
10 000,69 999,992,-15 499,999
10 000,80 000,008,-14 720,317
10 000,90 000,-21 087,5
10 000,100 000,-25 217,189
10 000,109 999,992,-24 856,254
10 000,119 999,992,-18 420,314
10 000,130 000,-20 345,314
10 000,140 000,-22 490,625
10 000,149 999,984,-18 578,137
10 000,160 000,-13 195,311
10 000,170 000,-9 149,986
10 000,180 000,-7 025,006
10 000,190 000,016,2 498,423
10 000,200 000,016,-689,057
10 000,210 000,-10 725,016
10 000,219 999,984,-22 339,053
10 000,230 000,016,-24 718,756
10 000,239 999,984,-24 140,625
10 000,249 999,984,-20 512,496
10 000,260 000,-11 245,304
10 000,269 999,969,-1 581,28
10 000,280 000,7 453,118
10 000,290 000,031,6 053,112
10 000,300 000,031,-2 128,158
10 000,310 000,-7 154,693
10 000,320 000,031,-6 559,395
10 000,330 000,031,-11 732,831
10 000,340 000,-15 606,251
10 000,350 000,-15 485,932
10 000,360 000,-20 079,686
10 000,370 000,031,-25 360,961
10 000,380 000,031,-33 539,07
10 000,390 000,-36 490
10 000,400 000,-36 490
20 000,-400 000,-36 490
20 000,-389 999,969,-30 732,812
20 000,-380 000,-28 250,01
20 000,-370 000,-19 707,82
20 000,-360 000,-9 740,63
20 000,-350 000,-1 657,817
20 000,-340 000,5 523,442
20 000,-330 000,5 418,75
20 000,-320 000,5 759,377
20 000,-309 999,969,11 681,232
20 000,-300 000,9 403,124
20 000,-290 000,7 275,006
20 000,-279 999,969,4 323,439
20 000,-270 000,4 759,374
20 000,-260 000,11 207,809
20 000,-249 999,969,11 776,556
20 000,-239 999,984,6 981,251
20 000,-229 999,984,5 993,75
20 000,-219 999,984,2 445,307
20 000,-209 999,984,-2 039,062
20 000,-199 999,984,-4 096,877
20 000,-189 999,984,-5 134,375
20 000,-180 000,-5 937,498
20 000,-170 000,016,-6 267,185
20 000,-160 000,-6 401,562
20 000,-150 000,016,-6 093,753
20 000,-139 999,984,-3 781,247
20 000,-130 000,-2 887,498
20 000,-120 000,540,627
20 000,-109 999,984,7 900,012
20 000,-99 999,984,5 410,936
20 000,-89 999,984,-1 242,191
20 000,-80 000,-3 996,873
20 000,-70 000,-8 584,375
20 000,-60 000,004,-5 923,44
20 000,-50 000,-1 054,686
20 000,-39 999,996,-2 684,375
20 000,-29 999,996,-5 281,248
20 000,-20 000,002,-7 631,252
20 000,-10 000,-12 425
20 000,0,-17 548,438
20 000,9 999,995,-19 109,375
20 000,20 000,-18 293,752
20 000,29 999,994,-14 020,316
20 000,40 000,-10 504,687
20 000,49 999,996,-15 339,058
20 000,59 999,992,-25 689,066
20 000,69 999,984,-24 292,191
20 000,80 000,-18 751,572
20 000,90 000,-24 404,688
20 000,100 000,-26 070,314
20 000,109 999,984,-26 150,004
20 000,119 999,992,-22 651,57
20 000,130 000,-21 496,879
20 000,140 000,-23 331,25
20 000,149 999,984,-20 328,129
20 000,160 000,-16 192,182
20 000,170 000,016,-8 921,869
20 000,180 000,-1 743,756
20 000,190 000,016,6 870,315
20 000,200 000,016,-2 907,818
20 000,210 000,-15 523,449
20 000,219 999,984,-21 410,936
20 000,230 000,016,-23 675,006
20 000,239 999,984,-22 359,387
20 000,250 000,-15 785,942
20 000,260 000,016,-7 462,489
20 000,269 999,969,-279,706
20 000,280 000,12 420,313
20 000,290 000,031,4 785,928
20 000,300 000,031,998,418
20 000,310 000,-149,999
20 000,320 000,031,1 979,673
20 000,330 000,031,-6 087,518
20 000,340 000,-14 434,37
20 000,350 000,-18 773,434
20 000,360 000,-22 504,688
20 000,370 000,031,-24 435,947
20 000,380 000,031,-33 148,457
20 000,390 000,-36 490
20 000,400 000,-36 490
30 000,-400 000,-36 490
30 000,-389 999,969,-32 339,062
30 000,-380 000,-29 603,135
30 000,-370 000,-19 857,822
30 000,-360 000,-6 910,946
30 000,-350 000,2 237,501
30 000,-340 000,6 448,439
30 000,-330 000,6 589,06
30 000,-320 000,11 489,065
30 000,-309 999,969,14 665,609
30 000,-300 000,9 371,877
30 000,-290 000,6 340,631
30 000,-279 999,969,4 187,504
30 000,-270 000,5 099,998
30 000,-260 000,8 804,686
30 000,-249 999,969,9 981,238
30 000,-239 999,984,9 239,058
30 000,-229 999,984,8 860,939
30 000,-219 999,984,5 840,624
30 000,-209 999,984,764,064
30 000,-199 999,984,-1 337,501
30 000,-189 999,984,-3 925,003
30 000,-180 000,-4 190,621
30 000,-170 000,016,-3 539,056
30 000,-160 000,-5 359,374
30 000,-150 000,016,-5 225,01
30 000,-139 999,984,-2 359,365
30 000,-130 000,1 426,564
30 000,-120 000,2 850,003
30 000,-109 999,984,4 367,174
30 000,-99 999,992,-9 367,194
30 000,-89 999,992,-10 190,624
30 000,-80 000,-10 048,436
30 000,-70 000,-13 090,627
30 000,-60 000,-9 124,998
30 000,-50 000,-9 959,378
30 000,-40 000,-12 585,938
30 000,-29 999,998,-14 154,686
30 000,-20 000,002,-8 707,814
30 000,-9 999,998,-8 556,248
30 000,0,-16 853,125
30 000,9 999,995,-18 250
30 000,19 999,998,-18 860,938
30 000,29 999,994,-15 856,254
30 000,39 999,996,-14 007,811
30 000,49 999,996,-23 054,684
30 000,59 999,996,-27 890,629
30 000,69 999,984,-26 762,494
30 000,80 000,-21 579,695
30 000,90 000,-25 262,502
30 000,100 000,-25 764,064
30 000,109 999,984,-25 568,754
30 000,119 999,992,-24 164,066
30 000,130 000,-20 853,127
30 000,140 000,-22 714,062
30 000,149 999,984,-21 625,012
30 000,160 000,-15 734,371
30 000,170 000,-8 089,033
30 000,180 000,559,375
30 000,190 000,016,292,184
30 000,200 000,016,-6 515,627
30 000,210 000,-15 242,192
30 000,219 999,984,-17 407,811
30 000,230 000,016,-20 267,193
30 000,239 999,984,-14 351,564
30 000,250 000,-12 162,502
30 000,260 000,016,-3 450,002
30 000,269 999,969,7 573,438
30 000,280 000,16 337,5
30 000,290 000,031,10 542,185
30 000,300 000,031,7 770,303
30 000,310 000,1 985,941
30 000,320 000,031,-7 315,633
30 000,330 000,031,-11 559,386
30 000,340 000,-16 970,311
30 000,350 000,-20 237,5
30 000,360 000,-23 159,375
30 000,370 000,031,-25 218,764
30 000,380 000,-36 490
30 000,390 000,-36 490
30 000,400 000,-36 490
40 000,-400 000,-36 490
40 000,-389 999,969,-34 054,664
40 000,-380 000,-29 776,572
40 000,-370 000,-22 015,633
40 000,-360 000,-11 356,253
40 000,-350 000,2 020,304
40 000,-340 000,7 873,436
40 000,-330 000,13 145,309
40 000,-320 000,18 251,562
40 000,-309 999,969,16 618,715
40 000,-300 000,9 528,127
40 000,-290 000,7 195,314
40 000,-279 999,969,7 690,633
40 000,-270 000,8 551,562
40 000,-260 000,7 903,133
40 000,-249 999,969,5 659,378
40 000,-239 999,984,6 000,003
40 000,-229 999,984,2 446,873
40 000,-219 999,984,410,937
40 000,-209 999,984,-726,561
40 000,-199 999,984,-387,497
40 000,-189 999,984,801,562
40 000,-180 000,-1 709,367
40 000,-170 000,016,701,555
40 000,-160 000,-973,434
40 000,-150 000,016,-625,011
40 000,-139 999,984,814,067
40 000,-130 000,6 768,752
40 000,-120 000,9 060,936
40 000,-109 999,984,-2 667,189
40 000,-99 999,992,-10 414,065
40 000,-89 999,992,-13 123,439
40 000,-80 000,-14 393,748
40 000,-70 000,-14 626,563
40 000,-60 000,004,-12 435,933
40 000,-50 000,-15 745,742
40 000,-40 000,-16 585,938
40 000,-30 000,-17 303,125
40 000,-20 000,004,-18 573,439
40 000,-10 000,003,-18 954,686
40 000,0,-36 490
40 000,9 999,994,-17 771,877
40 000,19 999,998,-17 303,125
40 000,30 000,-14 824,238
40 000,39 999,992,-19 814,061
40 000,49 999,996,-27 537,492
40 000,59 999,992,-30 268,754
40 000,70 000,-25 820,945
40 000,80 000,-23 003,129
40 000,90 000,-23 898,438
40 000,100 000,-21 718,75
40 000,109 999,992,-20 290,625
40 000,119 999,992,-22 259,381
40 000,130 000,-20 020,316
40 000,140 000,-19 367,188
40 000,149 999,984,-18 648,438
40 000,160 000,-16 645,312
40 000,170 000,-9 342,185
40 000,180 000,-3 446,881
40 000,190 000,016,5 156,264
40 000,200 000,016,371,861
40 000,210 000,-9 385,943
40 000,220 000,-12 379,684
40 000,230 000,016,-17 400,01
40 000,239 999,984,-16 134,381
40 000,250 000,-8 264,063
40 000,260 000,016,-2 637,496
40 000,269 999,969,5 360,928
40 000,280 000,11 932,813
40 000,290 000,031,7 987,487
40 000,300 000,031,3 814,053
40 000,310 000,-1 862,493
40 000,320 000,031,-8 910,959
40 000,330 000,031,-13 293,753
40 000,340 000,-17 409,373
40 000,350 000,-20 499,998
40 000,360 000,-22 398,436
40 000,370 000,031,-24 900,008
40 000,380 000,-36 490
40 000,390 000,031,-34 579,672
40 000,400 000,-36 490
50 000,-400 000,-36 490
50 000,-389 999,969,-35 195,297
50 000,-380 000,-29 426,572
50 000,-370 000,-25 170,32
50 000,-360 000,-15 514,07
50 000,-350 000,-1 915,63
50 000,-340 000,867,184
50 000,-330 000,14 848,435
50 000,-320 000,25 840,629
50 000,-309 999,969,22 487,49
50 000,-300 000,12 901,568
50 000,-290 000,11 492,192
50 000,-279 999,969,8 706,252
50 000,-270 000,9 724,999
50 000,-260 000,6 307,822
50 000,-249 999,969,1 985,938
50 000,-239 999,984,-121,874
50 000,-229 999,984,-515,625
50 000,-219 999,984,-1 031,249
50 000,-209 999,984,-943,746
50 000,-199 999,984,-262,502
50 000,-189 999,984,717,191
50 000,-180 000,-278,121
50 000,-170 000,016,714,056
50 000,-160 000,3 581,246
50 000,-150 000,016,4 120,307
50 000,-139 999,984,9 681,265
50 000,-130 000,11 476,57
50 000,-119 999,992,6 043,75
50 000,-109 999,984,-2 618,752
50 000,-99 999,992,-9 707,819
50 000,-89 999,992,-13 648,442
50 000,-80 000,-14 379,687
50 000,-70 000,-14 273,438
50 000,-60 000,004,-12 753,121
50 000,-50 000,-18 229,689
50 000,-40 000,004,-20 223,439
50 000,-30 000,002,-23 285,938
50 000,-20 000,004,-24 478,125
50 000,-10 000,004,-22 976,566
50 000,0,002,-20 751,561
50 000,9 999,997,-11 407,814
50 000,20 000,002,-10 590,623
50 000,29 999,994,-15 178,125
50 000,39 999,992,-21 964,059
50 000,49 999,992,-28 178,121
50 000,59 999,992,-31 692,191
50 000,69 999,984,-32 314,062
50 000,80 000,-29 771,877
50 000,90 000,-24 284,375
50 000,100 000,-19 832,812
50 000,109 999,992,-21 918,75
50 000,119 999,992,-20 368,75
50 000,130 000,-16 818,752
50 000,140 000,-12 076,562
50 000,149 999,984,-11 321,907
50 000,160 000,-14 048,441
50 000,170 000,016,-8 729,678
50 000,180 000,1 598,434
50 000,190 000,016,9 350,013
50 000,200 000,016,15 940,646
50 000,210 000,016,10 501,56
50 000,220 000,460,941
50 000,230 000,016,-13 332,821
50 000,239 999,984,-14 084,376
50 000,250 000,-11 551,564
50 000,260 000,016,-4 390,613
50 000,269 999,969,1 796,873
50 000,280 000,8 898,439
50 000,290 000,031,5 103,116
50 000,300 000,031,-118,775
50 000,310 000,-4 003,118
50 000,320 000,031,-6 971,885
50 000,330 000,031,-13 778,135
50 000,340 000,-17 021,873
50 000,350 000,-20 084,373
50 000,360 000,-23 420,312
50 000,370 000,031,-26 179,697
50 000,380 000,-36 490
50 000,390 000,-36 490
50 000,400 000,-36 490
60 000,-400 000,-36 490
60 000,-390 000,-36 490
60 000,-380 000,-30 487,506
60 000,-370 000,-24 981,258
60 000,-360 000,-18 403,131
60 000,-350 000,-12 140,625
60 000,-340 000,-5 648,436
60 000,-330 000,4 303,122
60 000,-320 000,16 964,051
60 000,-309 999,969,18 632,836
60 000,-300 000,14 025,002
60 000,-290 000,9 267,191
60 000,-279 999,969,9 710,947
60 000,-270 000,9 767,188
60 000,-260 000,9 170,32
60 000,-249 999,969,4 824,989
60 000,-239 999,984,1 084,375
60 000,-229 999,984,1 371,873
60 000,-219 999,984,1 242,191
60 000,-209 999,984,1 678,127
60 000,-199 999,984,4 846,882
60 000,-189 999,984,4 451,567
60 000,-180 000,2 182,82
60 000,-170 000,016,2 724,986
60 000,-160 000,6 287,5
60 000,-150 000,016,12 248,432
60 000,-139 999,984,9 876,558
60 000,-130 000,4 951,572
60 000,-120 000,543,747
60 000,-109 999,984,-7 448,441
60 000,-99 999,992,-11 631,253
60 000,-89 999,992,-11 949,999
60 000,-80 000,-11 154,687
60 000,-70 000,-11 200,001
60 000,-60 000,-6 829,685
60 000,-50 000,-17 001,564
60 000,-40 000,-17 956,252
60 000,-30 000,-20 295,312
60 000,-20 000,006,-25 246,877
60 000,-10 000,004,-27 654,689
60 000,-0,002,-27 550
60 000,9 999,994,-21 942,184
60 000,19 999,998,-21 171,875
60 000,29 999,994,-19 800
60 000,39 999,992,-24 418,75
60 000,49 999,992,-27 731,242
60 000,59 999,996,-32 267,189
60 000,69 999,984,-33 025
60 000,80 000,-31 050,008
60 000,90 000,-28 432,812
60 000,100 000,-24 845,314
60 000,109 999,992,-17 440,629
60 000,119 999,992,-17 687,502
60 000,130 000,-10 848,439
60 000,140 000,-1 426,561
60 000,149 999,984,501,576
60 000,160 000,-6 567,182
60 000,170 000,016,634,385
60 000,180 000,4 468,751
60 000,190 000,016,13 982,833
60 000,200 000,016,20 721,873
60 000,210 000,016,19 050
60 000,220 000,9 093,766
60 000,230 000,031,-4 314,071
60 000,240 000,-10 778,125
60 000,250 000,-6 240,624
60 000,260 000,016,-3 990,624
60 000,269 999,969,7 254,688
60 000,280 000,10 979,687
60 000,290 000,031,6 790,619
60 000,300 000,031,-2 709,377
60 000,310 000,-6 499,998
60 000,320 000,031,-10 187,511
60 000,330 000,031,-13 501,565
60 000,340 000,-14 339,062
60 000,350 000,-16 628,123
60 000,360 000,-21 571,875
60 000,370 000,031,-25 932,826
60 000,380 000,031,-30 507,822
60 000,390 000,-36 490
60 000,400 000,-36 490
70 000,-400 000,-36 490
70 000,-390 000,-36 490
70 000,-380 000,-36 490
70 000,-370 000,-32 539,07
70 000,-360 000,-25 382,793
70 000,-350 000,-24 764,057
70 000,-340 000,-8 935,939
70 000,-330 000,-540,635
70 000,-320 000,11 171,87
70 000,-309 999,969,17 367,195
70 000,-300 000,14 501,568
70 000,-290 000,11 565,627
70 000,-279 999,969,11 396,885
70 000,-270 000,12 262,503
70 000,-260 000,13 592,197
70 000,-249 999,969,7 145,301
70 000,-239 999,984,3 687,505
70 000,-229 999,984,9 614,068
70 000,-219 999,984,11 667,19
70 000,-209 999,984,11 104,689
70 000,-199 999,984,9 923,434
70 000,-189 999,984,7 826,56
70 000,-180 000,6 240,629
70 000,-170 000,016,5 240,628
70 000,-160 000,10 343,744
70 000,-150 000,016,10 676,573
70 000,-139 999,984,5 599,999
70 000,-130 000,5 243,75
70 000,-120 000,-1 939,062
70 000,-109 999,984,-7 803,127
70 000,-99 999,992,-11 148,441
70 000,-89 999,992,-11 562,501
70 000,-80 000,-8 195,312
70 000,-70 000,-4 457,812
70 000,-60 000,004,-11 224,998
70 000,-50 000,-11 854,688
70 000,-40 000,-16 345,312
70 000,-30 000,-18 943,75
70 000,-20 000,006,-24 971,877
70 000,-10 000,005,-27 184,379
70 000,-0,002,-28 960,938
70 000,9 999,99,-27 232,812
70 000,19 999,996,-27 581,252
70 000,29 999,992,-25 715,629
70 000,39 999,992,-27 085,938
70 000,49 999,992,-30 824,998
70 000,59 999,992,-32 389,066
70 000,69 999,992,-30 732,818
70 000,80 000,-31 100,006
70 000,90 000,-28 170,312
70 000,100 000,-25 812,5
70 000,109 999,992,-15 679,697
70 000,119 999,992,-14 465,619
70 000,130 000,-12 268,752
70 000,140 000,-8 609,375
70 000,149 999,984,167,176
70 000,160 000,016,932,826
70 000,170 000,016,5 493,76
70 000,180 000,12 017,188
70 000,190 000,016,22 346,887
70 000,200 000,016,18 770,311
70 000,210 000,016,11 817,175
70 000,220 000,5 737,506
70 000,230 000,031,-462,498
70 000,240 000,-3 829,684
70 000,250 000,1 382,809
70 000,260 000,016,1 948,432
70 000,269 999,969,6 114,051
70 000,280 000,7 692,188
70 000,290 000,031,4 407,798
70 000,300 000,031,-2 056,256
70 000,310 000,-3 373,438
70 000,320 000,031,-5 667,194
70 000,330 000,031,-11 729,693
70 000,340 000,-13 937,501
70 000,350 000,-12 848,435
70 000,360 000,-18 435,932
70 000,370 000,031,-26 231,264
70 000,380 000,031,-30 920,322
70 000,390 000,-36 490
70 000,400 000,-36 490
80 000,-400 000,-36 490
80 000,-390 000,-36 490
80 000,-380 000,-36 490
80 000,-370 000,-36 490
80 000,-360 000,-36 490
80 000,-350 000,-27 050,031
80 000,-340 000,-12 295,324
80 000,-330 000,360,932
80 000,-320 000,10 999,983
80 000,-309 999,969,23 881,291
80 000,-300 000,19 654,693
80 000,-290 000,15 782,817
80 000,-279 999,969,17 748,453
80 000,-270 000,22 945,316
80 000,-260 000,18 140,633
80 000,-249 999,969,9 703,13
80 000,-239 999,984,7 335,929
80 000,-229 999,984,154,686
80 000,-219 999,984,-2 646,879
80 000,-209 999,984,2 762,506
80 000,-199 999,984,-1 004,688
80 000,-189 999,984,-3 345,31
80 000,-180 000,-2 001,562
80 000,-170 000,016,7 457,802
80 000,-160 000,11 168,76
80 000,-150 000,016,5 164,073
80 000,-139 999,984,1 379,687
80 000,-130 000,781,252
80 000,-120 000,-1 578,125
80 000,-109 999,992,-7 100,001
80 000,-99 999,992,-8 839,062
80 000,-89 999,992,-7 631,247
80 000,-80 000,-6 412,497
80 000,-70 000,-4 017,188
80 000,-60 000,-5 749,988
80 000,-50 000,-4 762,499
80 000,-40 000,-8 032,812
80 000,-30 000,-13 785,937
80 000,-20 000,004,-22 676,564
80 000,-10 000,005,-26 140,627
80 000,-0,004,-30 106,252
80 000,9 999,99,-31 859,379
80 000,19 999,996,-31 204,688
80 000,29 999,99,-30 506,254
80 000,39 999,992,-27 345,314
80 000,49 999,996,-32 239,059
80 000,59 999,992,-33 545,316
80 000,69 999,984,-31 626,57
80 000,80 000,-28 495,316
80 000,90 000,-27 467,189
80 000,100 000,-23 442,188
80 000,109 999,984,-20 293,75
80 000,119 999,992,-21 423,439
80 000,130 000,-18 812,502
80 000,140 000,-10 829,688
80 000,149 999,984,-1 478,127
80 000,160 000,016,4 360,944
80 000,170 000,016,10 150,012
80 000,180 000,11 781,25
80 000,190 000,016,15 421,884
80 000,200 000,016,17 203,119
80 000,210 000,016,14 623,436
80 000,220 000,12 675
80 000,230 000,031,9 678,101
80 000,240 000,4 484,377
80 000,250 000,5 654,686
80 000,260 000,016,9 014,044
80 000,269 999,969,10 701,572
80 000,280 000,5 093,751
80 000,290 000,031,-1 062,507
80 000,300 000,031,-3 451,58
80 000,310 000,-4 809,378
80 000,320 000,031,-6 846,892
80 000,330 000,031,-12 381,255
80 000,340 000,-15 112,498
80 000,350 000,-17 149,998
80 000,360 000,-21 773,434
80 000,370 000,031,-26 740,637
80 000,380 000,031,-31 489,07
80 000,390 000,-36 490
80 000,400 000,-36 490
90 000,-400 000,-36 490
90 000,-390 000,-36 490
90 000,-380 000,-36 490
90 000,-370 000,-36 490
90 000,-360 000,-36 490
90 000,-350 000,-21 243,752
90 000,-340 000,-10 093,757
90 000,-330 000,603,125
90 000,-320 000,9 020,315
90 000,-309 999,969,19 932,848
90 000,-300 000,17 787,506
90 000,-290 000,15 795,319
90 000,-279 999,969,16 498,438
90 000,-270 000,11 039,065
90 000,-260 000,8 773,443
90 000,-249 999,969,12 454,716
90 000,-239 999,984,3 149,995
90 000,-229 999,984,-4 359,371
90 000,-219 999,984,-8 009,364
90 000,-210 000,-8 162,493
90 000,-200 000,-10 228,131
90 000,-190 000,-10 409,372
90 000,-180 000,-831,256
90 000,-170 000,016,2 501,555
90 000,-160 000,4 354,689
90 000,-150 000,016,726,562
90 000,-139 999,984,-468,748
90 000,-130 000,-2 387,494
90 000,-120 000,-4 246,875
90 000,-109 999,992,-6 550
90 000,-99 999,992,-4 389,061
90 000,-89 999,992,-2 859,372
90 000,-80 000,-692,186
90 000,-70 000,2 650
90 000,-60 000,3 940,63
90 000,-49 999,996,7 698,441
90 000,-39 999,996,3 289,062
90 000,-29 999,996,-8 339,062
90 000,-20 000,004,-17 432,812
90 000,-10 000,003,-22 500
90 000,-0,002,-27 465,625
90 000,9 999,992,-32 117,188
90 000,19 999,992,-33 135,941
90 000,29 999,99,-32 257,818
90 000,39 999,992,-29 045,314
90 000,49 999,992,-29 737,496
90 000,59 999,992,-33 406,254
90 000,70 000,-30 919,25
90 000,80 000,-29 025
90 000,90 000,-24 446,877
90 000,100 000,-23 959,375
90 000,109 999,992,-27 593,75
90 000,120 000,-21 843,508
90 000,130 000,-17 618,752
90 000,140 000,-12 976,564
90 000,149 999,984,-7 518,741
90 000,160 000,016,-5 054,686
90 000,170 000,016,1 778,129
90 000,180 000,7 860,933
90 000,190 000,016,12 885,946
90 000,200 000,016,14 432,818
90 000,210 000,016,14 353,125
90 000,220 000,12 410,941
90 000,230 000,031,15 417,203
90 000,240 000,16 260,943
90 000,250 000,14 437,506
90 000,260 000,016,17 854,686
90 000,270 000,12 734,377
90 000,280 000,7 526,567
90 000,290 000,031,-134,383
90 000,300 000,031,-4 253,131
90 000,310 000,-7 620,312
90 000,320 000,031,-9 956,255
90 000,330 000,031,-12 701,565
90 000,340 000,-15 542,186
90 000,350 000,-18 864,059
90 000,360 000,-23 431,248
90 000,370 000,-21 501,148
90 000,380 000,031,-31 314,068
90 000,390 000,031,-33 726,566
90 000,400 000,-36 490
100 000,-400 000,-36 490
100 000,-390 000,-36 490
100 000,-380 000,-36 490
100 000,-370 000,-36 490
100 000,-360 000,-36 490
100 000,-350 000,-21 753,135
100 000,-340 000,-11 632,816
100 000,-330 000,-1 125,01
100 000,-320 000,5 312,498
100 000,-309 999,969,15 612,508
100 000,-300 000,14 156,25
100 000,-290 000,12 410,944
100 000,-279 999,969,11 235,914
100 000,-270 000,3 709,382
100 000,-260 000,68,746
100 000,-249 999,969,5 576,623
100 000,-239 999,984,-2 914,064
100 000,-229 999,984,-6 526,576
100 000,-220 000,-14 273,441
100 000,-210 000,-16 592,184
100 000,-200 000,-14 990,63
100 000,-190 000,-14 890,621
100 000,-180 000,-8 164,059
100 000,-170 000,016,-8 288,955
100 000,-160 000,-6 006,255
100 000,-150 000,016,4 976,563
100 000,-139 999,984,-229,69
100 000,-130 000,167,188
100 000,-120 000,-164,063
100 000,-109 999,984,-1 801,56
100 000,-99 999,992,162,506
100 000,-89 999,984,2 826,568
100 000,-80 000,6 001,564
100 000,-69 999,992,6 928,126
100 000,-60 000,8 175,002
100 000,-49 999,996,9 504,686
100 000,-40 000,2 863,191
100 000,-29 999,996,-4 362,494
100 000,-20 000,004,-14 196,869
100 000,-10 000,003,-19 289,062
100 000,-0,004,-27 100,002
100 000,9 999,992,-31 095,311
100 000,19 999,996,-31 320,311
100 000,29 999,99,-33 581,254
100 000,39 999,992,-33 354,691
100 000,50 000,-28 635,195
100 000,59 999,992,-33 028,129
100 000,69 999,984,-33 864,062
100 000,80 000,-32 576,566
100 000,89 999,992,-30 526,566
100 000,100 000,-28 856,25
100 000,110 000,-28 962,57
100 000,119 999,984,-26 690,625
100 000,130 000,-12 837,502
100 000,140 000,-13 906,25
100 000,149 999,984,-15 667,188
100 000,160 000,-11 449,998
100 000,170 000,-1 213,816
100 000,180 000,3 629,684
100 000,190 000,016,14 884,38
100 000,200 000,016,10 023,439
100 000,210 000,016,9 929,692
100 000,220 000,12 389,064
100 000,230 000,031,14 318,764
100 000,240 000,17 087,502
100 000,250 000,21 212,504
100 000,260 000,016,26 060,949
100 000,270 000,21 412,543
100 000,280 000,15 026,567
100 000,290 000,031,3 629,659
100 000,300 000,031,-3 887,5
100 000,310 000,-6 118,754
100 000,320 000,031,-8 590,629
100 000,330 000,031,-10 864,073
100 000,340 000,-12 914,063
100 000,350 000,-16 559,369
100 000,360 000,-22 706,25
100 000,370 000,031,-27 448,449
100 000,380 000,031,-31 317,199
100 000,390 000,031,-33 915,629
100 000,400 000,-36 490
110 000,-400 000,-36 490
110 000,-390 000,-36 490
110 000,-380 000,-36 490
110 000,-370 000,-36 490
110 000,-360 000,-28 862,504
110 000,-350 000,-17 795,316
110 000,-340 000,-7 965,631
110 000,-330 000,-4 223,438
110 000,-320 000,1 340,623
110 000,-309 999,969,6 573,428
110 000,-300 000,3 289,065
110 000,-290 000,3 260,939
110 000,-279 999,969,7 524,965
110 000,-270 000,-4 524,994
110 000,-260 000,-5 095,312
110 000,-249 999,969,1 320,342
110 000,-239 999,984,-3 664,068
110 000,-229 999,984,-10 206,257
110 000,-220 000,-14 782,824
110 000,-210 000,-18 712,5
110 000,-200 000,-18 712,502
110 000,-190 000,-17 226,551
110 000,-180 000,-15 592,187
110 000,-170 000,031,-14 639,067
110 000,-160 000,-8 014,047
110 000,-150 000,016,6 190,598
110 000,-139 999,984,945,31
110 000,-130 000,-1,572
110 000,-120 000,220,313
110 000,-109 999,992,-6 029,688
110 000,-99 999,992,-4 904,686
110 000,-89 999,992,-4 898,435
110 000,-80 000,2 393,754
110 000,-69 999,992,11 509,379
110 000,-59 999,996,12 017,191
110 000,-49 999,996,9 312,493
110 000,-39 999,996,-1 478,126
110 000,-29 999,998,-10 212,498
110 000,-20 000,004,-13 903,123
110 000,-10 000,003,-18 604,686
110 000,-0,004,-26 648,439
110 000,9 999,992,-29 878,127
110 000,19 999,992,-29 807,816
110 000,29 999,99,-31 248,439
110 000,39 999,992,-34 546,879
110 000,49 999,992,-33 406,258
110 000,59 999,992,-33 407,816
110 000,69 999,984,-33 864,062
110 000,80 000,-33 753,125
110 000,90 000,-30 928,127
110 000,100 000,-32 256,25
110 000,109 999,984,-31 225,008
110 000,119 999,992,-26 548,439
110 000,130 000,-21 317,191
110 000,140 000,-22 973,438
110 000,149 999,984,-17 815,621
110 000,160 000,-10 893,747
110 000,170 000,016,-1 203,096
110 000,180 000,7 192,192
110 000,190 000,016,14 765,641
110 000,200 000,016,8 926,564
110 000,210 000,016,8 650,003
110 000,220 000,12 064,062
110 000,230 000,031,19 465,627
110 000,240 000,18 114,066
110 000,250 000,24 785,941
110 000,260 000,016,25 634,379
110 000,270 000,19 837,543
110 000,280 000,9 867,192
110 000,290 000,031,2 473,442
110 000,300 000,031,-1 795,322
110 000,310 000,-2 137,5
110 000,320 000,031,-2 887,508
110 000,330 000,031,-6 601,58
110 000,340 000,-10 809,373
110 000,350 000,-15 543,744
110 000,360 000,-21 206,248
110 000,370 000,031,-28 520,324
110 000,380 000,031,-36 139,062
110 000,390 000,031,-36 131,254
110 000,400 000,-36 490
120 000,-400 000,-36 490
120 000,-390 000,-36 490
120 000,-380 000,-36 490
120 000,-370 000,-36 490
120 000,-360 000,-28 045,32
120 000,-350 000,-16 089,078
120 000,-340 000,-2 729,691
120 000,-330 000,-3 356,254
120 000,-320 000,-101,567
120 000,-309 999,969,2 495,309
120 000,-300 000,-951,555
120 000,-290 000,2 928,117
120 000,-279 999,969,-12,531
120 000,-270 000,-9 829,682
120 000,-260 000,-11 923,443
120 000,-249 999,969,-2 215,592
120 000,-239 999,984,-10 312,509
120 000,-230 000,-15 396,877
120 000,-220 000,-17 499,998
120 000,-210 000,-19 803,127
120 000,-200 000,-20 290,629
120 000,-190 000,-18 623,438
120 000,-180 000,016,-18 507,812
120 000,-170 000,031,-16 887,502
120 000,-160 000,-9 446,879
120 000,-150 000,016,353,097
120 000,-139 999,984,-1 000,014
120 000,-130 000,008,-7 521,871
120 000,-120 000,-5 095,312
120 000,-109 999,992,-10 498,445
120 000,-99 999,992,-11 603,124
120 000,-89 999,992,-7 790,622
120 000,-80 000,-4 715,623
120 000,-70 000,5 204,687
120 000,-60 000,-3 471,872
120 000,-50 000,-3 385,939
120 000,-40 000,-7 914,062
120 000,-30 000,-15 159,375
120 000,-20 000,004,-19 646,877
120 000,-10 000,002,-23 226,562
120 000,-0,002,-27 659,375
120 000,9 999,99,-29 315,629
120 000,19 999,994,-30 109,377
120 000,29 999,99,-28 364,062
120 000,39 999,992,-33 475,004
120 000,49 999,992,-34 537,5
120 000,59 999,992,-33 340,629
120 000,69 999,984,-33 864,062
120 000,80 000,-33 864,066
120 000,90 000,-28 459,375
120 000,100 000,-31 582,812
120 000,109 999,984,-31 962,504
120 000,119 999,984,-29 214,072
120 000,130 000,-26 176,564
120 000,140 000,-25 943,75
120 000,149 999,984,-21 467,189
120 000,160 000,-10 845,312
120 000,170 000,016,-3 814,04
120 000,180 000,8 164,064
120 000,190 000,016,13 910,938
120 000,200 000,016,8 820,309
120 000,210 000,016,8 500,005
120 000,220 000,12 404,689
120 000,230 000,031,21 334,398
120 000,240 000,23 660,945
120 000,250 000,22 778,129
120 000,260 000,016,26 384,379
120 000,270 000,21 682,891
120 000,280 000,7 401,565
120 000,290 000,031,1 834,375
120 000,300 000,031,-732,814
120 000,310 000,-2 710,937
120 000,320 000,031,-1 976,563
120 000,330 000,031,-2 314,072
120 000,340 000,-8 198,432
120 000,350 000,-13 320,309
120 000,360 000,-18 689,057
120 000,370 000,031,-24 287,51
120 000,380 000,-36 490
120 000,390 000,031,-36 189,066
120 000,400 000,-36 490
130 000,-400 000,-36 490
130 000,-390 000,-36 490
130 000,-380 000,-36 490
130 000,-370 000,-36 490
130 000,-360 000,-25 531,258
130 000,-350 000,-16 696,883
130 000,-340 000,-5 710,943
130 000,-330 000,-3 414,064
130 000,-320 000,-3 260,938
130 000,-309 999,969,-3 765,637
130 000,-300 000,-8 109,363
130 000,-290 000,-5 351,584
130 000,-279 999,969,-9 176,567
130 000,-270 000,-16 123,436
130 000,-260 000,016,-14 820,313
130 000,-249 999,984,-10 723,433
130 000,-240 000,-15 121,874
130 000,-230 000,-18 660,941
130 000,-220 000,-22 590,633
130 000,-210 000,-26 779,686
129 999,922,-199 999,969,-25 830,787
130 000,-190 000,-20 498,438
130 000,-180 000,-19 478,125
130 000,-170 000,031,-18 614,066
130 000,-160 000,-12 889,068
130 000,-150 000,016,-6 110,957
130 000,-140 000,-11 909,374
130 000,-130 000,008,-12 214,062
130 000,-120 000,-13 360,939
130 000,-109 999,992,-14 421,877
130 000,-99 999,992,-15 679,689
130 000,-89 999,992,-10 956,228
130 000,-79 999,992,2 190,629
130 000,-70 000,-7 407,814
130 000,-60 000,004,-8 737,499
130 000,-50 000,-12 382,814
130 000,-40 000,-11 556,25
130 000,-29 999,996,-12 365,625
130 000,-20 000,004,-18 632,814
130 000,-10 000,-21 773,352
130 000,0,-21 368,75
130 000,9 999,993,-26 121,873
130 000,19 999,996,-29 600
130 000,29 999,992,-27 139,062
130 000,39 999,992,-32 154,689
130 000,49 999,992,-33 171,875
130 000,59 999,992,-31 720,316
130 000,69 999,984,-33 720,312
130 000,80 000,-30 631,252
130 000,90 000,-29 206,252
130 000,100 000,-32 278,125
130 000,109 999,984,-31 939,068
130 000,119 999,984,-31 667,186
130 000,129 999,992,-30 657,816
130 000,140 000,-25 960,773
130 000,149 999,984,-23 128,137
130 000,160 000,-15 370,304
130 000,170 000,-7 501,557
130 000,180 000,3 101,554
130 000,190 000,016,13 176,564
130 000,200 000,016,7 923,434
130 000,210 000,016,6 195,315
130 000,220 000,12 139,066
130 000,230 000,031,18 704,701
130 000,240 000,23 025,008
130 000,250 000,21 428,129
130 000,260 000,016,25 623,449
130 000,270 000,17 806,27
130 000,280 000,6 475
130 000,290 000,031,3 287,484
130 000,300 000,031,-1 182,814
130 000,310 000,-640,625
130 000,320 000,031,256,249
130 000,330 000,031,-1 256,264
130 000,340 000,-5 829,686
130 000,350 000,-7 873,434
130 000,360 000,-14 117,18
130 000,370 000,031,-24 018,766
130 000,380 000,031,-28 650,012
130 000,390 000,-36 029,695
130 000,400 000,-36 490
140 000,-400 000,-36 490
140 000,-390 000,-36 490
140 000,-380 000,-36 490
140 000,-370 000,-32 279,701
140 000,-360 000,-22 029,693
140 000,-350 000,-18 071,881
140 000,-340 000,-10 348,444
140 000,-330 000,-5 212,504
140 000,-320 000,-8 610,938
140 000,-309 999,969,-8 939,073
140 000,-300 000,-11 657,812
140 000,-290 000,-16 417,199
140 000,-279 999,969,-18 276,555
140 000,-270 000,-19 328,121
140 000,-260 000,016,-19 570,316
140 000,-249 999,969,-13 068,768
140 000,-240 000,-18 317,199
140 000,-230 000,-23 579,691
140 000,-220 000,-25 521,879
140 000,-210 000,-25 418,754
140 000,-200 000,-28 360,943
140 000,-190 000,-22 787,494
140 000,-180 000,-21 157,812
140 000,-170 000,031,-18 643,752
140 000,-160 000,-12 815,637
140 000,-150 000,031,-15 092,159
140 000,-140 000,-18 182,812
140 000,-130 000,008,-19 359,375
140 000,-120 000,-18 670,312
140 000,-109 999,992,-18 612,5
140 000,-99 999,992,-17 226,568
140 000,-89 999,992,-16 109,373
140 000,-80 000,-7 999,996
140 000,-70 000,-14 940,623
140 000,-60 000,004,-16 223,434
140 000,-50 000,-17 089,064
140 000,-40 000,-13 693,75
140 000,-29 999,996,-11 217,188
140 000,-20 000,004,-18 379,689
140 000,-10 000,004,-22 029,689
140 000,-0,002,-26 232,812
140 000,9 999,992,-27 415,621
140 000,19 999,996,-29 485,938
140 000,29 999,99,-25 721,883
140 000,39 999,992,-30 167,188
140 000,49 999,996,-31 462,5
140 000,59 999,992,-31 845,316
140 000,69 999,984,-29 695,318
140 000,80 000,-28 096,879
140 000,90 000,-29 737,5
140 000,100 000,-32 585,938
140 000,109 999,984,-32 384,381
140 000,119 999,984,-30 751,566
140 000,129 999,992,-29 325,006
140 000,140 000,-23 087,504
140 000,149 999,984,-18 868,734
140 000,160 000,-16 543,754
140 000,170 000,016,-6 857,802
140 000,180 000,-920,317
140 000,190 000,016,9 318,774
140 000,200 000,016,6 518,748
140 000,210 000,016,4 526,567
140 000,220 000,8 523,439
140 000,230 000,031,14 110,939
140 000,240 000,21 728,129
140 000,250 000,16 739,072
140 000,260 000,016,18 192,195
140 000,270 000,18 703,133
140 000,280 000,9 232,824
140 000,290 000,031,5 385,936
140 000,300 000,031,1 154,678
140 000,310 000,3 251,559
140 000,320 000,031,9 531,258
140 000,330 000,031,4 184,385
140 000,340 000,-1 321,868
140 000,350 000,-4 437,496
140 000,360 000,-10 735,928
140 000,370 000,031,-22 920,332
140 000,380 000,031,-28 420,322
140 000,390 000,031,-34 912,504
140 000,400 000,-36 490
150 000,-400 000,-36 490
150 000,-390 000,-36 490
150 000,-380 000,-33 546,887
150 000,-370 000,-27 245,32
150 000,-360 000,-21 940,627
150 000,-350 000,-18 310,943
150 000,-340 000,-12 339,066
150 000,-330 000,-7 890,627
150 000,-320 000,-10 704,688
150 000,-309 999,969,-13 342,189
150 000,-300 000,-16 057,811
150 000,-290 000,-19 973,432
150 000,-279 999,969,-21 299,992
150 000,-270 000,-21 293,752
150 000,-260 000,016,-19 467,178
150 000,-249 999,984,-21 565,631
150 000,-240 000,-23 851,568
150 000,-230 000,-26 428,129
150 000,-220 000,-26 704,689
150 000,-210 000,-21 246,117
150 000,-200 000,-27 910,947
150 000,-190 000,-29 362,5
150 000,-180 000,-21 010,938
150 000,-170 000,031,-18 635,941
150 000,-160 000,-17 017,184
150 000,-150 000,031,-21 031,256
150 000,-140 000,-20 737,504
150 000,-130 000,008,-23 303,125
150 000,-120 000,-22 381,252
150 000,-110 000,-23 687,502
150 000,-100 000,-21 262,504
150 000,-89 999,992,-19 173,436
150 000,-80 000,-15 295,311
150 000,-70 000,-20 793,752
150 000,-60 000,008,-21 479,689
150 000,-50 000,-18 801,566
150 000,-40 000,-15 878,127
150 000,-30 000,-17 395,312
150 000,-20 000,004,-22 704,686
150 000,-10 000,003,-26 843,75
150 000,-0,002,-29 253,125
150 000,9 999,992,-29 457,816
150 000,19 999,996,-29 601,564
150 000,29 999,992,-28 125,004
150 000,39 999,992,-26 201,562
150 000,49 999,992,-29 456,246
150 000,59 999,992,-31 703,129
150 000,69 999,984,-30 306,254
150 000,80 000,-29 848,439
150 000,90 000,-30 795,314
150 000,100 000,-31 253,125
150 000,109 999,984,-30 470,32
150 000,119 999,984,-27 353,135
150 000,130 000,-23 293,754
150 000,140 000,-17 460,586
150 000,149 999,984,-15 479,689
150 000,160 000,016,-5 882,827
150 000,170 000,-5 832,803
150 000,180 000,-3 085,942
150 000,190 000,016,6 296,888
150 000,200 000,016,6 000,002
150 000,210 000,016,1 381,249
150 000,220 000,3 482,807
150 000,230 000,031,9 815,652
150 000,240 000,13 964,067
150 000,250 000,8 343,754
150 000,260 000,016,15 360,951
150 000,270 000,19 100,02
150 000,280 000,16 265,629
150 000,290 000,031,11 257,796
150 000,300 000,031,5 851,559
150 000,310 000,5 131,247
150 000,320 000,031,10 346,893
150 000,330 000,031,13 031,211
150 000,340 000,4 648,443
150 000,350 000,917,197
150 000,360 000,-11 035,93
150 000,370 000,031,-22 457,836
150 000,380 000,031,-27 953,137
150 000,390 000,031,-35 354,691
150 000,400 000,-36 490
160 000,-400 000,-36 490
160 000,-389 999,969,-35 134,375
160 000,-380 000,-31 984,385
160 000,-370 000,-28 092,189
160 000,-360 000,-24 648,439
160 000,-350 000,-19 678,139
160 000,-340 000,-10 350,003
160 000,-330 000,-5 568,749
160 000,-320 000,-7 465,619
160 000,-309 999,969,-11 273,45
160 000,-300 000,-15 973,438
160 000,-290 000,-18 556,25
160 000,-280 000,-16 761,979
160 000,-270 000,-17 870,379
160 000,-260 000,016,-24 276,562
160 000,-249 999,984,-25 910,941
160 000,-240 000,-26 848,438
160 000,-230 000,-24 200,92
160 000,-220 000,-26 328,125
160 000,-210 000,-27 426,566
160 000,-200 000,-30 331,256
160 000,-190 000,-30 457,816
160 000,-180 000,-21 043,752
160 000,-170 000,031,-19 242,197
160 000,-160 000,-19 604,684
160 000,-150 000,031,-25 632,812
160 000,-140 000,-27 062,504
160 000,-130 000,008,-29 207,812
160 000,-120 000,008,-27 642,191
160 000,-110 000,-27 107,816
160 000,-100 000,-26 729,689
160 000,-89 999,992,-24 206,248
160 000,-80 000,-18 756,25
160 000,-70 000,-21 525,002
160 000,-60 000,008,-25 946,875
160 000,-50 000,004,-20 254,691
160 000,-40 000,-14 137,5
160 000,-30 000,-17 198,438
160 000,-20 000,004,-23 282,811
160 000,-10 000,004,-27 192,189
160 000,-0,004,-29 420,314
160 000,9 999,99,-29 096,879
160 000,19 999,996,-26 762,502
160 000,29 999,992,-24 584,377
160 000,39 999,992,-28 996,877
160 000,49 999,992,-30 843,75
160 000,59 999,992,-30 273,441
160 000,69 999,992,-29 629,688
160 000,80 000,-30 600,004
160 000,89 999,992,-29 357,814
160 000,100 000,-25 302,773
160 000,110 000,-23 560,766
160 000,119 999,992,-26 787,508
160 000,130 000,-23 396,877
160 000,140 000,-15 289,063
160 000,149 999,984,-1 512,506
160 000,160 000,016,-3 151,556
160 000,170 000,016,-692,184
160 000,180 000,1 320,309
160 000,190 000,016,5 898,447
160 000,200 000,016,3 657,811
160 000,210 000,016,-1 304,694
160 000,220 000,-1 450,001
160 000,230 000,031,1 065,627
160 000,240 000,2 279,685
160 000,250 000,6 403,123
160 000,260 000,016,8 404,697
160 000,270 000,16 051,559
160 000,280 000,16 965,631
160 000,290 000,031,10 924,981
160 000,300 000,031,7 212,5
160 000,310 000,7 720,31
160 000,320 000,031,8 993,821
160 000,330 000,031,10 678,123
160 000,340 000,10 215,63
160 000,350 000,5 981,26
160 000,360 000,-7 114,054
160 000,370 000,031,-20 181,271
160 000,380 000,031,-27 382,824
160 000,390 000,-36 490
160 000,400 000,-36 490
170 000,-400 000,-36 490
170 000,-389 999,969,-34 114,062
170 000,-380 000,-32 743,756
170 000,-370 000,-30 626,566
170 000,-360 000,-27 621,879
170 000,-350 000,-21 635,941
170 000,-340 000,-13 667,195
170 000,-330 000,-1 856,254
170 000,-320 000,-4 857,811
170 000,-309 999,969,-5 148,437
170 000,-300 000,-12 434,372
170 000,-290 000,-17 860,934
170 000,-279 999,969,-19 126,559
170 000,-270 000,-21 485,936
170 000,-260 000,016,-24 239,059
170 000,-249 999,984,-26 968,756
170 000,-240 000,-27 635,939
170 000,-229 999,984,-27 703,123
170 000,-220 000,-26 367,195
170 000,-210 000,-31 701,562
170 000,-200 000,-31 879,693
170 000,-190 000,-30 695,312
170 000,-180 000,-23 171,877
170 000,-170 000,031,-22 996,871
170 000,-160 000,016,-25 306,242
170 000,-150 000,031,-29 142,197
170 000,-140 000,-30 242,189
170 000,-130 000,016,-30 457,812
170 000,-120 000,-29 093,752
170 000,-110 000,-28 973,441
170 000,-100 000,-26 700,004
170 000,-89 999,992,-23 543,75
170 000,-80 000,-19 698,436
170 000,-70 000,-23 776,566
170 000,-60 000,008,-27 568,75
170 000,-50 000,004,-23 101,566
170 000,-40 000,-14 300,001
170 000,-30 000,002,-18 664,062
170 000,-20 000,006,-25 865,627
170 000,-10 000,005,-27 685,941
170 000,-0,002,-25 471,877
170 000,9 999,992,-25 767,191
170 000,20 000,-20 362,5
170 000,29 999,992,-22 723,436
170 000,39 999,992,-27 114,062
170 000,49 999,992,-29 185,938
170 000,59 999,996,-28 090,627
170 000,69 999,984,-26 525
170 000,80 000,-30 156,252
170 000,89 999,992,-28 395,316
170 000,100 000,-25 821,875
170 000,110 000,-23 248,539
170 000,119 999,992,-24 225
170 000,130 000,-23 162,504
170 000,140 000,-17 001,562
170 000,149 999,984,-8 795,294
170 000,160 000,-10 056,25
170 000,170 000,016,-5 571,869
170 000,180 000,1 443,758
170 000,190 000,016,1 860,939
170 000,200 000,016,1 732,816
170 000,210 000,016,698,419
170 000,220 000,-4 771,872
170 000,230 000,031,-3 399,988
170 000,240 000,1 415,622
170 000,250 000,5 993,75
170 000,260 000,016,8 967,195
170 000,270 000,15 693,686
170 000,280 000,22 287,508
170 000,290 000,031,13 698,448
170 000,300 000,031,11 621,883
170 000,310 000,11 490,627
170 000,320 000,031,12 926,56
170 000,330 000,031,14 501,615
170 000,340 000,15 253,128
170 000,350 000,10 539,07
170 000,360 000,-3 290,617
170 000,370 000,031,-16 981,287
170 000,380 000,031,-25 767,193
170 000,390 000,-36 490
170 000,400 000,-36 490
180 000,-400 000,-36 096,859
180 000,-389 999,969,-34 064,062
180 000,-380 000,-33 403,129
180 000,-370 000,-31 175,004
180 000,-360 000,-27 837,506
180 000,-350 000,-22 845,324
180 000,-340 000,-15 712,509
180 000,-330 000,-3 365,628
180 000,-320 000,-8 540,621
180 000,-309 999,969,-12 040,619
180 000,-300 000,-10 767,188
180 000,-290 000,-13 990,62
180 000,-279 999,969,-14 589,054
180 000,-270 000,-16 899,992
180 000,-260 000,-20 601,566
180 000,-249 999,984,-21 903,156
180 000,-240 000,-25 001,562
180 000,-230 000,-26 046,873
180 000,-220 000,-24 037,508
180 000,-210 000,-31 745,316
180 000,-200 000,-32 692,191
180 000,-190 000,-32 475,004
180 000,-180 000,016,-27 842,191
180 000,-170 000,031,-28 528,117
180 000,-160 000,016,-32 718,748
180 000,-150 000,031,-32 907,816
180 000,-140 000,-30 137,5
180 000,-130 000,016,-29 468,75
180 000,-120 000,-28 453,127
180 000,-109 999,992,-27 548,438
180 000,-100 000,-30 173,441
180 000,-90 000,-29 085,938
180 000,-80 000,-24 237,5
180 000,-70 000,-28 492,189
180 000,-60 000,008,-28 790,625
180 000,-50 000,008,-29 278,129
180 000,-40 000,004,-21 379,691
180 000,-30 000,002,-19 639,061
180 000,-20 000,006,-28 781,256
180 000,-10 000,004,-25 884,379
180 000,0,002,-20 423,436
180 000,9 999,993,-19 240,627
180 000,19 999,998,-20 682,812
180 000,29 999,992,-22 793,752
180 000,39 999,992,-26 493,75
180 000,49 999,992,-27 807,812
180 000,59 999,996,-27 115,629
180 000,69 999,984,-25 865,623
180 000,80 000,-27 212,5
180 000,90 000,-24 215,625
180 000,100 000,-19 998,438
180 000,109 999,992,-20 545,311
180 000,119 999,992,-21 289,068
180 000,130 000,-16 854,689
180 000,140 000,-10 073,438
180 000,149 999,984,-13 573,441
180 000,160 000,-12 399,994
180 000,170 000,016,-7 396,858
180 000,180 000,-6 351,56
180 000,190 000,016,-7 165,622
180 000,200 000,016,-7 779,69
180 000,210 000,016,-7 123,437
180 000,220 000,-6 600,001
180 000,230 000,031,240,639
180 000,240 000,8 325,001
180 000,250 000,9 184,381
180 000,260 000,016,10 820,317
180 000,270 000,18 417,18
180 000,280 000,24 192,189
180 000,290 000,031,21 376,537
180 000,300 000,031,19 915,637
180 000,310 000,19 967,188
180 000,320 000,031,22 743,756
180 000,330 000,031,23 417,18
180 000,340 000,19 710,945
180 000,350 000,4 628,141
180 000,360 000,-7 867,182
180 000,370 000,031,-21 484,398
180 000,380 000,031,-25 765,629
180 000,390 000,-36 490
180 000,400 000,-36 490
190 000,-399 999,969,-35 362,453
190 000,-389 999,969,-34 215,625
190 000,-380 000,-33 203,133
190 000,-370 000,-29 939,07
190 000,-360 000,-24 792,191
190 000,-350 000,-19 592,193
190 000,-340 000,-14 198,44
190 000,-330 000,-7 557,817
190 000,-320 000,-8 812,495
190 000,-309 999,969,-15 953,125
190 000,-300 000,-15 871,876
190 000,-290 000,-15 279,691
190 000,-279 999,969,-10 042,184
190 000,-270 000,-11 037,498
190 000,-260 000,-10 151,562
190 000,-249 999,969,-14 414,074
190 000,-240 000,-20 615,633
190 000,-230 000,-23 342,184
190 000,-220 000,-22 546,879
190 000,-210 000,-30 740,629
190 000,-200 000,-30 845,316
190 000,-190 000,-33 881,254
190 000,-180 000,016,-31 795,316
190 000,-170 000,031,-30 129,672
190 000,-160 000,016,-33 187,5
190 000,-150 000,031,-32 685,945
190 000,-140 000,-29 150
190 000,-130 000,016,-29 585,934
190 000,-120 000,008,-28 556,254
190 000,-110 000,-29 512,508
190 000,-100 000,-32 576,619
190 000,-90 000,-31 734,375
190 000,-80 000,-27 682,812
190 000,-70 000,-30 603,127
190 000,-60 000,008,-29 115,625
190 000,-50 000,008,-28 056,254
190 000,-40 000,-20 885,938
190 000,-29 999,998,-17 204,686
190 000,-20 000,004,-23 971,875
190 000,-10 000,001,-18 006,25
190 000,0,-36 490
190 000,9 999,994,-19 825
190 000,19 999,998,-20 982,812
190 000,29 999,992,-24 278,125
190 000,39 999,992,-25 879,688
190 000,49 999,992,-26 700,004
190 000,59 999,992,-24 770,316
190 000,69 999,992,-23 006,244
190 000,80 000,-24 190,631
190 000,90 000,-17 640,625
190 000,100 000,-11 424,998
190 000,109 999,992,-12 907,812
190 000,119 999,992,-12 690,628
190 000,130 000,-6 939,062
190 000,140 000,-13 453,125
190 000,149 999,984,-15 564,064
190 000,160 000,-15 345,312
190 000,170 000,-13 154,686
190 000,179 999,984,-12 917,192
190 000,190 000,-11 362,498
190 000,200 000,016,-9 323,435
190 000,210 000,016,-7 514,064
190 000,220 000,-7 071,873
190 000,230 000,031,-910,932
190 000,240 000,5 207,815
190 000,250 000,12 281,25
190 000,260 000,016,14 103,129
190 000,270 000,19 610,926
190 000,280 000,27 148,434
190 000,290 000,031,34 462,477
190 000,300 000,031,26 393,803
190 000,310 000,28 051,561
190 000,320 000,031,34 221,879
190 000,330 000,031,25 067,164
190 000,340 000,14 090,634
190 000,350 000,1 335,949
190 000,360 000,-10 323,428
190 000,370 000,031,-21 601,586
190 000,380 000,031,-26 318,762
190 000,390 000,-36 490
190 000,400 000,-36 490
200 000,-399 999,969,-36 271,875
200 000,-390 000,-36 490
200 000,-380 000,-33 773,441
200 000,-370 000,-31 176,568
200 000,-360 000,-27 110,939
200 000,-350 000,-19 975,012
200 000,-340 000,-17 723,439
200 000,-330 000,-11 181,257
200 000,-320 000,-10 139,062
200 000,-309 999,969,-15 092,188
200 000,-300 000,-17 748,438
200 000,-290 000,-17 560,938
200 000,-279 999,969,-12 360,905
200 000,-270 000,-4 200,009
200 000,-260 000,-5 403,127
200 000,-249 999,969,-5 376,58
200 000,-240 000,-14 934,375
200 000,-229 999,984,-18 660,924
200 000,-220 000,-15 931,256
200 000,-210 000,-21 825,004
200 000,-200 000,-27 681,258
200 000,-190 000,-34 070,316
200 000,-180 000,016,-34 800
200 000,-170 000,031,-33 299,996
200 000,-160 000,016,-33 598,445
200 000,-150 000,031,-31 529,693
200 000,-140 000,-31 975,004
200 000,-130 000,-32 576,619
200 000,-120 000,-32 576,619
200 000,-110 000,-32 576,619
200 000,-100 000,-32 576,619
200 000,-90 000,-32 576,619
200 000,-80 000,-31 526,566
200 000,-70 000,008,-29 884,379
200 000,-60 000,008,-25 479,689
200 000,-50 000,004,-22 365,629
200 000,-40 000,-18 721,875
200 000,-30 000,-13 840,624
200 000,-20 000,004,-17 856,25
200 000,-10 000,-15 345,312
200 000,0,-16 006,249
200 000,9 999,995,-16 190,628
200 000,20 000,002,-15 671,873
200 000,29 999,994,-17 531,25
200 000,39 999,992,-22 807,812
200 000,49 999,996,-23 395,311
200 000,60 000,-21 379,688
200 000,69 999,992,-17 289,068
200 000,80 000,008,-19 429,691
200 000,90 000,-21 071,875
200 000,100 000,-16 671,875
200 000,109 999,992,-10 828,129
200 000,120 000,-6 939,059
200 000,130 000,-11 020,313
200 000,140 000,-13 745,312
200 000,149 999,984,-15 429,688
200 000,160 000,-15 048,438
200 000,170 000,-13 426,564
200 000,179 999,984,-11 868,754
200 000,190 000,-9 709,375
200 000,200 000,016,-6 248,437
200 000,210 000,016,-2 724,992
200 000,220 000,-4 242,184
200 000,230 000,031,-326,555
200 000,240 000,4 915,622
200 000,250 000,14 310,938
200 000,260 000,016,17 709,385
200 000,270 000,21 973,438
200 000,280 000,25 871,875
200 000,290 000,031,37 823,445
200 000,300 000,031,40 929,727
200 000,310 000,36 200,008
200 000,320 000,031,38 709,355
200 000,330 000,031,25 601,531
200 000,340 000,11 785,944
200 000,350 000,157,822
200 000,360 000,-11 565,613
200 000,370 000,031,-20 876,576
200 000,380 000,031,-34 001,59
200 000,390 000,-36 490
200 000,400 000,-36 490
210 000,-400 000,-36 490
210 000,-390 000,-36 490
210 000,-380 000,-33 923,441
210 000,-370 000,-32 001,568
210 000,-360 000,-29 807,816
210 000,-350 000,-24 868,75
210 000,-340 000,-20 401,57
210 000,-330 000,-15 679,689
210 000,-320 000,-13 048,435
210 000,-309 999,969,-15 368,759
210 000,-300 000,-17 151,561
210 000,-290 000,-17 546,875
210 000,-279 999,969,-17 860,945
210 000,-270 000,-18 443,75
210 000,-260 000,-17 287,504
210 000,-249 999,984,-14 235,92
210 000,-239 999,984,-10 479,683
210 000,-229 999,984,-11 459,376
210 000,-220 000,-15 234,377
210 000,-210 000,-18 357,822
210 000,-200 000,-27 043,756
210 000,-190 000,-33 632,816
210 000,-180 000,016,-34 910,938
210 000,-170 000,031,-34 848,441
210 000,-160 000,016,-34 175
210 000,-150 000,031,-32 503,123
210 000,-140 000,-32 576,619
210 000,-130 000,-32 576,619
210 000,-120 000,-32 576,619
210 000,-110 000,-31 660,938
210 000,-100 000,-32 576,619
210 000,-90 000,-31 140,627
210 000,-80 000,-31 271,877
210 000,-70 000,008,-31 307,818
210 000,-60 000,008,-28 076,566
210 000,-50 000,004,-26 026,566
210 000,-40 000,-20 504,691
210 000,-29 999,996,-10 815,625
210 000,-20 000,004,-16 364,062
210 000,-9 999,999,-11 214,062
210 000,0,-36 490
210 000,9 999,995,-11 687,501
210 000,20 000,002,-9 560,936
210 000,29 999,994,-15 239,061
210 000,39 999,992,-19 706,25
210 000,50 000,-19 451,562
210 000,60 000,-15 293,752
210 000,69 999,992,-10 901,566
210 000,80 000,008,-15 240,633
210 000,90 000,-16 076,563
210 000,100 000,-13 673,437
210 000,109 999,992,-11 843,756
210 000,119 999,992,-11 796,873
210 000,130 000,-13 489,063
210 000,140 000,-13 906,249
210 000,149 999,984,-11 745,311
210 000,160 000,-11 354,69
210 000,170 000,016,-7 024,994
210 000,180 000,-7 290,626
210 000,190 000,016,-5 593,753
210 000,200 000,016,168,758
210 000,210 000,016,5 615,615
210 000,220 000,2 256,248
210 000,230 000,031,3 478,133
210 000,240 000,10 023,44
210 000,250 000,15 312,502
210 000,260 000,016,22 893,781
210 000,270 000,29 064,086
210 000,280 000,30 882,814
210 000,290 000,031,37 981,305
210 000,300 000,031,47 496,906
210 000,310 000,41 593,754
210 000,320 000,031,40 717,164
210 000,330 000,031,24 712,473
210 000,340 000,10 551,571
210 000,350 000,-1 057,801
210 000,360 000,-10 910,93
210 000,370 000,031,-21 965,643
210 000,380 000,031,-29 906,279
210 000,390 000,-36 490
210 000,400 000,-36 490
220 000,-400 000,-36 490
220 000,-390 000,-36 490
220 000,-380 000,-34 587,5
220 000,-370 000,-31 375,002
220 000,-360 000,-30 215,625
220 000,-350 000,-26 581,258
220 000,-340 000,-23 545,318
220 000,-330 000,-17 039,068
220 000,-320 000,-8 701,563
220 000,-309 999,969,-11 659,37
220 000,-300 000,-13 798,435
220 000,-290 000,-15 849,999
220 000,-279 999,969,-18 515,627
220 000,-270 000,-18 893,75
220 000,-260 000,-21 195,307
220 000,-249 999,984,-22 610,93
220 000,-240 000,-18 812,5
220 000,-229 999,984,-12 489,058
220 000,-220 000,-17 131,25
220 000,-210 000,-19 479,691
220 000,-200 000,-22 717,195
220 000,-190 000,-30 848,449
220 000,-180 000,016,-33 278,129
220 000,-170 000,031,-32 407,816
220 000,-160 000,016,-30 415,623
220 000,-150 000,031,-30 523,434
220 000,-140 000,-32 576,619
220 000,-130 000,-32 576,619
220 000,-120 000,008,-30 551,566
220 000,-110 000,-32 576,619
220 000,-100 000,-31 425,004
220 000,-90 000,-29 889,064
220 000,-80 000,-30 595,312
220 000,-70 000,-27 414,064
220 000,-60 000,008,-28 790,625
220 000,-50 000,008,-26 592,195
220 000,-40 000,004,-20 176,564
220 000,-29 999,996,-5 028,124
220 000,-20 000,002,-9 589,063
220 000,-9 999,999,-10 815,624
220 000,0,-36 490
220 000,9 999,999,-2 764,062
220 000,20 000,004,-5 071,875
220 000,29 999,994,-12 037,502
220 000,39 999,996,-11 640,621
220 000,50 000,-16 368,749
220 000,60 000,-13 631,25
220 000,70 000,-4 878,125
220 000,80 000,008,-12 129,691
220 000,90 000,-12 532,813
220 000,100 000,-8 728,122
220 000,109 999,992,-3 840,627
220 000,119 999,992,-9 820,311
220 000,130 000,-13 182,814
220 000,140 000,-13 453,125
220 000,149 999,984,-8 265,631
220 000,160 000,016,-2 270,315
220 000,170 000,016,-1 532,808
220 000,180 000,2 078,121
220 000,190 000,016,5 735,934
220 000,200 000,016,9 331,254
220 000,210 000,016,8 003,12
220 000,220 000,3 090,635
220 000,230 000,031,3 237,506
220 000,240 000,7 865,624
220 000,250 000,12 037,502
220 000,260 000,016,27 156,27
220 000,270 000,37 192,172
220 000,280 000,34 975,004
220 000,290 000,031,40 473,477
220 000,300 000,-36 490
220 000,310 000,48 184,379
220 000,320 000,031,40 993,719
220 000,330 000,031,28 606,219
220 000,340 000,15 395,321
220 000,350 000,1 785,949
220 000,360 000,-10 443,74
220 000,370 000,031,-21 860,953
220 000,380 000,031,-28 323,467
220 000,390 000,-36 490
220 000,400 000,-36 490
230 000,-400 000,-36 490
230 000,-389 999,969,-35 354,672
230 000,-380 000,-31 153,133
230 000,-370 000,-29 554,691
230 000,-360 000,-29 142,189
230 000,-350 000,-26 610,945
230 000,-340 000,-21 612,508
230 000,-330 000,-10 029,691
230 000,-320 000,-5 145,313
230 000,-309 999,969,-5 279,696
230 000,-300 000,-7 814,061
230 000,-290 000,-10 942,185
230 000,-279 999,969,-14 443,756
230 000,-270 000,-21 031,244
230 000,-260 000,016,-27 789,062
230 000,-249 999,984,-28 607,795
230 000,-240 000,-24 067,18
230 000,-229 999,984,-18 551,561
230 000,-220 000,-17 410,945
230 000,-210 000,-21 304,689
230 000,-200 000,-23 220,316
230 000,-190 000,-29 540,641
230 000,-180 000,016,-30 098,441
230 000,-170 000,031,-24 407,82
230 000,-160 000,016,-23 079,684
230 000,-150 000,031,-28 460,934
230 000,-140 000,-30 707,814
230 000,-130 000,008,-30 787,5
230 000,-120 000,008,-30 001,566
230 000,-110 000,-30 629,678
230 000,-100 000,-30 835,943
230 000,-89 999,992,-27 098,439
230 000,-80 000,-25 176,564
230 000,-70 000,-24 410,936
230 000,-60 000,008,-28 723,438
230 000,-50 000,008,-27 568,756
230 000,-40 000,-21 489,062
230 000,-29 999,996,-7 165,623
230 000,-20 000,004,-13 646,874
230 000,-10 000,003,-18 365,627
230 000,0,-36 490
230 000,9 999,998,-6 753,126
230 000,20 000,004,-4 090,623
230 000,29 999,996,-8 164,064
230 000,40 000,-7 770,308
230 000,50 000,-9 457,799
230 000,60 000,-4 960,937
230 000,70 000,-724,996
230 000,80 000,008,-7 321,887
230 000,90 000,-4 081,247
230 000,100 000,008,-3 565,621
230 000,109 999,992,185,951
230 000,120 000,-6 098,435
230 000,130 000,-12 560,94
230 000,140 000,-11 050,001
230 000,149 999,984,-10 196,875
230 000,160 000,-7 601,56
230 000,170 000,016,-1 084,369
230 000,180 000,1 110,934
230 000,190 000,016,7 518,756
230 000,200 000,016,15 392,205
230 000,210 000,016,13 170,312
230 000,220 000,9 450,004
230 000,230 000,031,8 242,179
230 000,240 000,7 329,69
230 000,250 000,11 401,564
230 000,260 000,016,18 801,578
230 000,270 000,28 050
230 000,280 000,39 373,441
230 000,290 000,031,40 168,77
230 000,300 000,031,46 026,555
230 000,310 000,42 110,945
230 000,320 000,031,38 282,793
230 000,330 000,031,27 757,791
230 000,340 000,17 968,762
230 000,350 000,5 017,195
230 000,360 000,-9 309,369
230 000,370 000,031,-21 856,271
230 000,380 000,031,-28 143,768
230 000,390 000,-36 490
230 000,400 000,-36 490
240 000,-400 000,-36 490
240 000,-389 999,969,-34 939,066
240 000,-380 000,-31 129,695
240 000,-370 000,-29 843,754
240 000,-360 000,-29 348,438
240 000,-350 000,-26 487,506
240 000,-340 000,-20 712,51
240 000,-330 000,-11 582,824
240 000,-320 000,-11 953,122
240 000,-309 999,969,-17 367,191
240 000,-300 000,-18 610,934
240 000,-290 000,-18 943,742
240 000,-279 999,969,-27 364,068
240 000,-270 000,-28 853,127
240 000,-260 000,016,-34 318,777
240 000,-250 000,-36 490
240 000,-240 000,-28 076,555
240 000,-230 000,-26 542,186
240 000,-220 000,-24 014,068
240 000,-210 000,-26 196,875
240 000,-200 000,-21 010,938
240 000,-190 000,-23 834,379
240 000,-180 000,016,-24 203,121
240 000,-170 000,031,-18 298,5
240 000,-160 000,-13 848,437
240 000,-150 000,031,-20 243,746
240 000,-140 000,-24 331,25
240 000,-130 000,008,-24 993,754
240 000,-120 000,-29 201,561
240 000,-109 999,992,-30 364,057
240 000,-100 000,-26 362,508
240 000,-90 000,-25 717,188
240 000,-80 000,-20 053,123
240 000,-70 000,-23 635,941
240 000,-60 000,008,-28 532,812
240 000,-50 000,008,-28 221,879
240 000,-40 000,004,-24 156,254
240 000,-30 000,-17 362,5
240 000,-20 000,004,-19 564,062
240 000,-10 000,003,-19 023,438
240 000,0,002,-17 671,873
240 000,10 000,-7 070,785
240 000,20 000,004,-6 006,247
240 000,29 999,996,-5 175,003
240 000,40 000,-585,938
240 000,50 000,-142,182
240 000,60 000,004,748,44
240 000,70 000,6 745,318
240 000,80 000,008,1 209,37
240 000,90 000,2 245,315
240 000,100 000,008,6 501,57
240 000,110 000,5 218,752
240 000,120 000,-5 839,055
240 000,130 000,-7 609,376
240 000,140 000,-9 665,625
240 000,149 999,984,-8 043,752
240 000,160 000,016,-6 951,56
240 000,170 000,016,-3 157,807
240 000,180 000,2 015,622
240 000,190 000,016,11 115,642
240 000,200 000,016,18 650,006
240 000,210 000,016,17 678,127
240 000,220 000,13 881,242
240 000,230 000,031,13 995,303
240 000,240 000,10 342,188
240 000,250 000,10 957,816
240 000,260 000,016,16 287,512
240 000,270 000,23 878,109
240 000,280 000,28 164,064
240 000,290 000,031,35 353,172
240 000,300 000,031,40 087,578
240 000,310 000,36 776,566
240 000,320 000,031,31 568,744
240 000,330 000,031,23 709,348
240 000,340 000,15 434,382
240 000,350 000,4 843,76
240 000,360 000,-7 603,118
240 000,370 000,031,-19 581,27
240 000,380 000,031,-23 965,645
240 000,390 000,-36 490
240 000,400 000,-36 490
250 000,-400 000,-36 490
250 000,-389 999,969,-33 731,234
250 000,-380 000,-33 429,691
250 000,-370 000,-31 493,756
250 000,-360 000,-29 734,381
250 000,-350 000,-25 284,383
250 000,-340 000,-21 870,322
250 000,-330 000,-16 310,933
250 000,-320 000,-19 646,875
250 000,-309 999,969,-19 895,324
250 000,-300 000,-21 678,137
250 000,-290 000,-18 151,562
250 000,-279 999,969,-29 023,457
250 000,-270 000,-35 276,605
250 000,-260 000,-36 490
250 000,-250 000,-36 490
250 000,-240 000,-35 953,129
250 000,-230 000,-32 781,25
250 000,-220 000,-29 401,564
250 000,-210 000,-30 262,498
250 000,-200 000,-27 254,695
250 000,-190 000,-16 729,682
250 000,-180 000,-18 371,871
250 000,-170 000,031,-20 404,713
250 000,-160 000,-18 014,061
250 000,-150 000,031,-21 460,938
250 000,-140 000,-21 999,998
250 000,-130 000,008,-18 775
250 000,-120 000,008,-26 865,629
250 000,-110 000,-30 868,75
250 000,-100 000,-20 926,562
250 000,-89 999,992,-21 496,887
250 000,-80 000,-20 482,811
250 000,-70 000,-20 796,875
250 000,031,-59 999,996,-26 609,562
250 000,-50 000,-24 028,125
250 000,-40 000,-22 718,75
250 000,-30 000,-22 292,188
250 000,-20 000,004,-22 150,002
250 000,-10 000,003,-18 740,627
250 000,0,002,-19 052,529
250 000,9 999,995,-15 762,504
250 000,20 000,004,-6 301,562
250 000,29 999,996,-6 707,813
250 000,40 000,-2 896,875
250 000,50 000,3 309,377
250 000,60 000,008,12 812,504
250 000,70 000,18 674,016
250 000,80 000,008,7 932,809
250 000,90 000,008,9 376,567
250 000,100 000,008,12 421,879
250 000,110 000,4 157,818
250 000,120 000,-259,373
250 000,130 000,-1 760,938
250 000,140 000,-6 664,062
250 000,149 999,984,-8 129,688
250 000,160 000,016,-6 774,996
250 000,170 000,016,-2 920,305
250 000,180 000,3 123,434
250 000,190 000,016,9 446,883
250 000,200 000,016,14 451,576
250 000,210 000,016,16 784,396
250 000,220 000,21 603,129
250 000,230 000,031,23 690,605
250 000,240 000,18 481,258
250 000,250 000,15 368,746
250 000,260 000,016,23 137,482
250 000,270 000,21 006,262
250 000,280 000,24 737,504
250 000,290 000,031,28 370,354
250 000,300 000,031,34 792,211
250 000,310 000,34 331,258
250 000,320 000,031,29 309,365
250 000,330 000,031,22 295,301
250 000,340 000,13 995,321
250 000,350 000,6 114,07
250 000,360 000,-6 934,369
250 000,370 000,031,-19 456,27
250 000,380 000,031,-25 442,201
250 000,390 000,-36 490
250 000,400 000,-36 490
260 000,-400 000,-36 490
260 000,-390 000,-36 490
260 000,-380 000,-35 695,316
260 000,-370 000,-34 739,066
260 000,-360 000,-33 076,578
260 000,-350 000,-30 718,754
260 000,-340 000,-25 331,254
260 000,-330 000,-19 879,691
260 000,-320 000,-22 576,559
260 000,-309 999,969,-26 474,988
260 000,-300 000,-26 178,127
260 000,-290 000,-21 731,256
260 000,-279 999,969,-29 967,205
260 000,-270 000,-36 490
260 000,-260 000,-36 490
260 000,-249 999,984,-34 521,875
260 000,-240 000,-36 490
260 000,-230 000,-36 490
260 000,-220 000,-36 490
260 000,-210 000,-35 509,375
260 000,-200 000,-28 057,809
260 000,-190 000,-19 934,369
260 000,-180 000,016,-26 968,742
260 000,-170 000,031,-28 001,568
260 000,-160 000,-24 539,066
260 000,-150 000,031,-24 971,875
260 000,-140 000,-26 800,004
260 000,-130 000,008,-25 587,5
260 000,-120 000,008,-28 417,188
260 000,-110 000,-31 709,379
260 000,-99 999,992,-24 056,25
260 000,-89 999,992,-18 417,189
260 000,-80 000,-15 864,063
260 000,-70 000,-20 021,877
260 000,-60 000,008,-20 685,943
260 000,-50 000,-16 267,188
260 000,-40 000,-20 189,062
260 000,-30 000,-20 229,688
260 000,-20 000,006,-21 903,129
260 000,-10 000,002,-19 859,375
260 000,0,-18 740,625
260 000,9 999,996,-14 492,195
260 000,20 000,002,-6 835,936
260 000,29 999,996,-6 940,625
260 000,40 000,-5 682,812
260 000,50 000,778,129
260 000,60 000,008,11 809,377
260 000,70 000,10 204,691
260 000,80 000,016,13 254,687
260 000,90 000,008,13 754,69
260 000,100 000,016,12 860,945
260 000,110 000,10 390,632
260 000,120 000,8 609,377
260 000,130 000,4 343,748
260 000,140 000,-2 003,123
260 000,149 999,984,-2 565,627
260 000,160 000,016,2 078,123
260 000,170 000,016,-1 214,066
260 000,180 000,1 073,434
260 000,190 000,016,8 370,308
260 000,200 000,016,13 704,697
260 000,210 000,016,19 101,576
260 000,220 000,27 873,438
260 000,230 000,031,36 723,422
260 000,240 000,30 685,943
260 000,250 000,25 512,508
260 000,260 000,016,30 929,697
260 000,270 000,29 387,496
260 000,280 000,28 743,754
260 000,290 000,031,29 971,891
260 000,300 000,031,33 684,398
260 000,310 000,37 046,879
260 000,320 000,031,30 870,299
260 000,330 000,031,22 457,797
260 000,340 000,14 806,257
260 000,350 000,6 862,51
260 000,360 000,-5 465,614
260 000,370 000,031,-18 585,961
260 000,380 000,031,-27 703,145
260 000,390 000,031,-32 559,391
260 000,400 000,-36 490
270 000,-400 000,-36 490
270 000,-390 000,-36 490
270 000,-380 000,-36 490
270 000,-370 000,-36 490
270 000,-360 000,-36 490
270 000,-350 000,-34 160,949
270 000,-340 000,-28 010,943
270 000,-330 000,-25 726,562
270 000,-320 000,-26 510,939
270 000,-309 999,969,-29 240,629
270 000,-300 000,-28 037,506
270 000,-290 000,-24 409,381
270 000,-279 999,969,-29 993,82
270 000,-270 000,-36 490
270 000,-260 000,-36 490
270 000,-249 999,984,-27 992,191
270 000,-240 000,-36 490
270 000,-230 000,-36 490
270 000,-220 000,-36 490
270 000,-210 000,-36 490
270 000,-200 000,-33 601,566
270 000,-190 000,-24 593,748
270 000,-180 000,016,-29 551,561
270 000,-170 000,031,-30 404,678
270 000,-160 000,016,-27 303,129
270 000,-150 000,031,-24 618,744
270 000,-140 000,-27 204,691
270 000,-130 000,008,-30 345,309
270 000,-119 999,953,-33 406,836
270 000,-110 000,-31 956,242
270 000,-100 000,-24 859,377
270 000,-89 999,992,-18 915,623
270 000,-80 000,-10 821,873
270 000,-70 000,-11 456,251
270 000,-60 000,004,-13 482,814
270 000,-50 000,-9 610,938
270 000,-39 999,996,-4 693,749
270 000,-29 999,998,-11 364,062
270 000,-20 000,004,-18 196,877
270 000,-10 000,004,-19 739,064
270 000,0,-16 192,187
270 000,9 999,996,-11 201,564
270 000,20 000,002,-6 948,435
270 000,29 999,996,-6 092,187
270 000,40 000,-5 360,938
270 000,50 000,-153,123
270 000,60 000,004,4 498,439
270 000,70 000,6 092,189
270 000,80 000,016,10 595,319
270 000,90 000,6 264,062
270 000,100 000,008,2 621,881
270 000,110 000,9 259,376
270 000,120 000,15 378,133
270 000,130 000,008,10 226,561
270 000,140 000,1 545,313
270 000,149 999,984,3 409,373
270 000,160 000,016,4 684,376
270 000,170 000,016,1 862,486
270 000,180 000,2 371,872
270 000,190 000,016,5 693,756
270 000,200 000,016,12 495,318
270 000,210 000,016,22 062,512
270 000,220 000,28 043,746
270 000,230 000,031,36 562,449
270 000,240 000,28 292,195
270 000,250 000,28 539,066
270 000,260 000,016,36 267,203
270 000,270 000,41 779,699
270 000,280 000,39 268,754
270 000,290 000,031,34 476,57
270 000,300 000,031,35 510,953
270 000,310 000,37 659,379
270 000,320 000,031,32 085,914
270 000,330 000,031,23 606,242
270 000,340 000,15 792,194
270 000,350 000,7 268,76
270 000,360 000,-10 560,926
270 000,370 000,031,-23 609,389
270 000,380 000,031,-26 515,629
270 000,390 000,-36 490
270 000,400 000,-36 490
280 000,-400 000,-36 490
280 000,-390 000,-36 490
280 000,-380 000,-36 490
280 000,-370 000,-36 490
280 000,-360 000,-36 490
280 000,-350 000,-35 303,137
280 000,-340 000,-29 803,131
280 000,-330 000,-28 375,004
280 000,-320 000,-32 664,062
280 000,-309 999,969,-32 224,992
280 000,-300 000,-32 632,814
280 000,-290 000,-33 642,191
280 000,-279 999,969,-27 851,543
280 000,-270 000,-34 710,918
280 000,-260 000,-36 490
280 000,-250 000,-36 490
280 000,-240 000,-36 490
280 000,-230 000,-36 490
280 000,-220 000,-36 490
280 000,-210 000,-36 490
280 000,-200 000,-34 340,629
280 000,-190 000,-30 003,123
280 000,-180 000,016,-32 014,059
280 000,-170 000,031,-30 950,004
280 000,-160 000,016,-26 421,881
280 000,-150 000,031,-20 501,609
280 000,-140 000,-26 021,877
280 000,-130 000,008,-26 442,188
280 000,-120 000,008,-33 476,566
280 000,-110 000,-32 503,125
280 000,-100 000,-26 179,68
280 000,-89 999,992,-16 701,564
280 000,-80 000,-20 189,062
280 000,-70 000,-20 889,064
280 000,-60 000,004,-18 696,879
280 000,-50 000,-11 800,001
280 000,-40 000,-9 206,25
280 000,-29 999,998,-13 292,184
280 000,-20 000,004,-16 254,691
280 000,-9 999,999,-13 421,874
280 000,0,-36 490
280 000,9 999,998,-7 165,628
280 000,20 000,002,-1 545,311
280 000,29 999,998,-1 860,934
280 000,40 000,-4 153,125
280 000,50 000,1 562,502
280 000,60 000,004,2 412,503
280 000,70 000,4 131,25
280 000,80 000,008,1 798,435
280 000,90 000,-2 970,312
280 000,100 000,008,-1 457,809
280 000,110 000,5 975,003
280 000,120 000,4 429,699
280 000,130 000,356,249
280 000,140 000,615,63
280 000,150 000,10 331,242
280 000,160 000,016,12 876,562
280 000,170 000,016,7 653,125
280 000,180 000,7 243,751
280 000,190 000,016,11 946,886
280 000,200 000,016,19 548,492
280 000,210 000,016,25 506,258
280 000,220 000,32 843,754
280 000,230 000,031,28 921,869
280 000,240 000,26 571,883
280 000,250 000,26 587,504
280 000,260 000,016,29 626,58
280 000,270 000,36 224,969
280 000,280 000,41 278,133
280 000,290 000,031,38 967,188
280 000,300 000,031,37 723,438
280 000,310 000,35 350,008
280 000,320 000,031,31 734,385
280 000,330 000,031,26 460,926
280 000,340 000,18 543,758
280 000,350 000,6 364,078
280 000,360 000,-17 585,926
280 000,370 000,031,-24 871,881
280 000,380 000,031,-26 235,939
280 000,390 000,-36 490
280 000,400 000,-36 490
290 000,-400 000,-36 490
290 000,-390 000,-36 490
290 000,-380 000,-36 490
290 000,-370 000,-36 490
290 000,-360 000,-36 490
290 000,-350 000,-35 896,879
290 000,-340 000,-32 826,566
290 000,-330 000,-29 496,879
290 000,-320 000,-34 903,121
290 000,-310 000,-36 490
290 000,-300 000,-36 490
290 000,-290 000,-36 490
290 000,-279 999,969,-33 631,297
290 000,-270 000,-33 153,145
290 000,-260 000,016,-24 931,242
290 000,-249 999,984,-36 164,055
290 000,-240 000,-36 490
290 000,-230 000,-36 490
290 000,-220 000,-36 490
290 000,-210 000,-36 490
290 000,-200 000,-36 490
290 000,-190 000,-35 381,254
290 000,-180 000,016,-35 503,125
290 000,-170 000,031,-30 378,131
290 000,-160 000,-24 965,631
290 000,-150 000,031,-18 695,301
290 000,-140 000,-21 393,75
290 000,-130 000,008,-29 009,375
290 000,-120 000,008,-34 318,758
290 000,-110 000,-33 754,688
290 000,-100 000,-32 714,068
290 000,-90 000,-29 609,379
290 000,-80 000,-26 110,939
290 000,-70 000,-24 137,504
290 000,-60 000,008,-21 773,447
290 000,-50 000,-17 715,627
290 000,-40 000,-16 601,562
290 000,-30 000,-13 275,001
290 000,-20 000,-9 464,062
290 000,-9 999,998,-8 109,374
290 000,0,-36 490
290 000,9 999,998,-2 885,941
290 000,20 000,006,3 979,691
290 000,29 999,998,2 017,192
290 000,40 000,154,69
290 000,50 000,3 598,441
290 000,60 000,004,3 851,564
290 000,70 000,3 900,006
290 000,80 000,008,-4 332,817
290 000,90 000,-6 012,499
290 000,100 000,-4 307,809
290 000,109 999,992,-3 335,936
290 000,119 999,992,-2 323,434
290 000,130 000,-3 201,562
290 000,140 000,2 009,379
290 000,150 000,10 306,246
290 000,160 000,016,14 656,262
290 000,170 000,016,17 303,127
290 000,180 000,16 317,186
290 000,190 000,016,20 859,383
290 000,200 000,031,30 262,518
290 000,210 000,016,37 296,891
290 000,220 000,31 062,508
290 000,230 000,031,26 310,93
290 000,240 000,24 825,008
290 000,250 000,24 600,004
290 000,260 000,016,26 826,57
290 000,270 000,31 198,438
290 000,280 000,37 639,066
290 000,290 000,031,35 557,805
290 000,300 000,031,33 096,879
290 000,310 000,30 701,568
290 000,320 000,031,26 081,258
290 000,330 000,031,25 031,238
290 000,340 000,14 532,82
290 000,350 000,1 600,012
290 000,360 000,-16 648,428
290 000,370 000,031,-25 306,258
290 000,380 000,031,-26 248,449
290 000,390 000,-36 490
290 000,400 000,-36 490
300 000,-400 000,-36 490
300 000,-390 000,-36 490
300 000,-380 000,-36 490
300 000,-370 000,-36 490
300 000,-360 000,-36 490
300 000,-350 000,-36 490
300 000,-340 000,-36 490
300 000,-330 000,-36 490
300 000,-320 000,-36 490
300 000,-310 000,-36 490
300 000,-300 000,-36 490
300 000,-290 000,-36 490
300 000,-279 999,969,-27 550,023
300 000,-270 000,-36 490
300 000,-260 000,016,-34 495,305
300 000,-250 000,-36 490
300 000,-240 000,-36 490
300 000,-230 000,-36 490
300 000,-220 000,-36 490
300 000,-210 000,-36 490
300 000,-200 000,-36 490
300 000,-190 000,-36 490
300 000,-180 000,-36 490
300 000,-170 000,031,-27 034,393
300 000,-160 000,-24 465,623
300 000,-150 000,031,-25 621,877
300 000,-140 000,-27 748,445
300 000,-130 000,008,-33 317,188
300 000,-120 000,008,-34 340,629
300 000,-110 000,-34 225
300 000,-100 000,-33 796,879
300 000,-90 000,-32 990,637
300 000,-80 000,-34 831,25
300 000,-69 999,992,-30 503,473
300 000,-60 000,008,-27 804,691
300 000,-50 000,004,-22 823,441
300 000,-40 000,004,-19 210,939
300 000,-29 999,998,-14 137,498
300 000,-20 000,-7 992,188
300 000,-9 999,996,-487,497
300 000,0,-36 490
300 000,9 999,998,-2 134,375
300 000,20 000,002,1 668,752
300 000,30 000,7 240,626
300 000,40 000,7 010,941
300 000,50 000,004,7 057,816
300 000,60 000,004,5 146,875
300 000,70 000,1 425,004
300 000,80 000,008,-5 217,189
300 000,90 000,-7 804,687
300 000,100 000,-7 268,748
300 000,109 999,992,-7 362,5
300 000,119 999,992,-7 114,065
300 000,130 000,-3 125
300 000,140 000,-1 449,997
300 000,149 999,984,3 781,242
300 000,160 000,016,9 234,394
300 000,170 000,016,16 412,514
300 000,180 000,14 485,939
300 000,190 000,016,22 089,113
300 000,200 000,016,30 681,256
300 000,210 000,016,35 054,695
300 000,220 000,30 173,441
300 000,230 000,031,28 431,256
300 000,240 000,25 337,504
300 000,250 000,24 178,133
300 000,260 000,016,27 743,756
300 000,270 000,31 626,547
300 000,280 000,38 171,879
300 000,290 000,031,36 149,984
300 000,300 000,031,28 985,934
300 000,310 000,20 457,816
300 000,320 000,031,16 323,442
300 000,330 000,031,14 657,799
300 000,340 000,5 081,259
300 000,350 000,993,758
300 000,360 000,-17 868,736
300 000,370 000,031,-24 331,254
300 000,380 000,031,-26 118,77
300 000,390 000,-36 490
300 000,400 000,-36 490
310 000,-400 000,-36 490
310 000,-390 000,-36 490
310 000,-380 000,-36 490
310 000,-370 000,-36 490
310 000,-360 000,-36 490
310 000,-350 000,-36 490
310 000,-340 000,-36 490
310 000,-330 000,-36 490
310 000,-320 000,-36 490
310 000,-310 000,-36 490
310 000,-300 000,-36 490
310 000,-290 000,-36 490
310 000,-280 000,-36 490
310 000,-270 000,-36 490
310 000,-260 000,-36 490
310 000,-250 000,-36 490
310 000,-240 000,-36 490
310 000,-230 000,-36 490
310 000,-220 000,-36 490
310 000,-210 000,-36 490
310 000,-200 000,-36 490
310 000,-190 000,-36 490
310 000,-180 000,-36 490
310 000,-170 000,031,-33 012,508
310 000,-160 000,016,-32 801,562
310 000,-150 000,031,-28 142,207
310 000,-140 000,-29 346,883
310 000,-130 000,016,-34 764,059
310 000,-120 000,008,-35 385,941
310 000,-110 000,-35 385,941
310 000,-100 000,-35 385,941
310 000,-90 000,-34 040,625
310 000,-80 000,-32 289,062
310 000,-69 999,977,-27 602,428
310 000,-60 000,008,-24 687,5
310 000,-50 000,004,-21 992,193
310 000,-40 000,-17 892,188
310 000,-29 999,998,-14 392,188
310 000,-20 000,-3 835,939
310 000,-9 999,996,1 046,877
310 000,0,-36 490
310 000,9 999,999,467,188
310 000,20 000,006,6 778,131
310 000,30 000,12 692,188
310 000,40 000,9 560,939
310 000,50 000,2 842,191
310 000,60 000,-3 398,438
310 000,69 999,992,-5 996,873
310 000,80 000,008,-8 020,315
310 000,90 000,-7 246,875
310 000,100 000,-22 228,125
310 000,109 999,984,-34 159,359
310 000,120 000,-10 378,125
310 000,130 000,-7 842,188
310 000,140 000,-3 495,311
310 000,149 999,984,-2 778,129
310 000,160 000,016,3 425,01
310 000,170 000,016,5 112,504
310 000,180 000,11 504,686
310 000,190 000,016,19 275,016
310 000,200 000,016,26 239,068
310 000,210 000,016,26 135,936
310 000,220 000,33 201,566
310 000,230 000,031,30 242,178
310 000,240 000,27 046,879
310 000,250 000,25 209,383
310 000,260 000,016,27 029,693
310 000,270 000,29 457,816
310 000,280 000,35 754,691
310 000,290 000,031,37 954,672
310 000,300 000,031,24 729,668
310 000,310 000,18 171,879
310 000,320 000,031,12 421,862
310 000,330 000,031,5 718,74
310 000,340 000,978,13
310 000,350 000,-5 370,308
310 000,360 000,-21 270,307
310 000,370 000,031,-24 421,877
310 000,380 000,031,-25 479,705
310 000,390 000,-36 490
310 000,400 000,-36 490
320 000,-400 000,-36 490
320 000,-390 000,-36 490
320 000,-380 000,-36 490
320 000,-370 000,-36 490
320 000,-360 000,-36 490
320 000,-350 000,-36 490
320 000,-340 000,-36 490
320 000,-330 000,-36 490
320 000,-320 000,-36 490
320 000,-310 000,-36 490
320 000,-300 000,-36 490
320 000,-290 000,-36 490
320 000,-280 000,-36 490
320 000,-270 000,-36 490
320 000,-260 000,-36 490
320 000,-250 000,-36 490
320 000,-240 000,-36 490
320 000,-230 000,-36 490
320 000,-220 000,-36 490
320 000,-210 000,-36 490
320 000,-200 000,-36 490
320 000,-190 000,-36 490
320 000,-180 000,-36 490
320 000,-170 000,-36 490
320 000,-160 000,-36 490
320 000,-150 000,031,-33 250,004
320 000,-140 000,-32 884,375
320 000,-130 000,016,-35 398,438
320 000,-120 000,008,-36 159,379
320 000,-110 000,-36 490
320 000,-100 000,-35 585,938
320 000,-90 000,-32 623,441
320 000,-80 000,008,-29 050,004
320 000,-70 000,-21 784,377
320 000,-60 000,008,-19 168,752
320 000,-50 000,-18 153,127
320 000,-40 000,-15 401,562
320 000,-30 000,-13 954,687
320 000,-20 000,002,-9 518,752
320 000,-9 999,999,-5 070,312
320 000,0,-36 490
320 000,10 000,4 539,063
320 000,20 000,008,9 164,068
320 000,30 000,13 225,001
320 000,40 000,8 717,189
320 000,50 000,-1 542,186
320 000,60 000,-5 457,813
320 000,69 999,992,-10 157,811
320 000,80 000,008,-10 784,37
320 000,90 000,-13 931,248
320 000,100 000,-31 945,305
320 000,109 999,984,-35 825,02
320 000,120 000,-12 181,249
320 000,130 000,-10 025,002
320 000,140 000,-10 154,688
320 000,149 999,984,-7 143,749
320 000,160 000,016,-4 451,561
320 000,170 000,016,1 595,324
320 000,180 000,11 025
320 000,190 000,016,20 910,945
320 000,200 000,016,16 562,496
320 000,210 000,016,18 717,197
320 000,220 000,26 109,379
320 000,230 000,031,27 640,615
320 000,240 000,24 151,566
320 000,250 000,24 820,316
320 000,260 000,016,24 814,07
320 000,270 000,28 276,562
320 000,280 000,32 079,689
320 000,290 000,031,36 781,234
320 000,300 000,031,27 042,18
320 000,310 000,17 706,252
320 000,320 000,031,11 462,489
320 000,330 000,031,367,182
320 000,340 000,-5 870,31
320 000,350 000,-14 589,045
320 000,360 000,-25 349,996
320 000,370 000,031,-25 773,439
320 000,380 000,031,-24 864,066
320 000,390 000,-36 490
320 000,400 000,-36 490
330 000,-400 000,-36 490
330 000,-390 000,-36 490
330 000,-380 000,-36 490
330 000,-370 000,-36 490
330 000,-360 000,-36 490
330 000,-350 000,-36 490
330 000,-340 000,-36 490
330 000,-330 000,-36 490
330 000,-320 000,-36 490
330 000,-310 000,-36 490
330 000,-300 000,-36 490
330 000,-290 000,-36 490
330 000,-280 000,-36 490
330 000,-270 000,-36 490
330 000,-260 000,-36 490
330 000,-250 000,-36 490
330 000,-240 000,-36 490
330 000,-230 000,-36 490
330 000,-220 000,-36 490
330 000,-210 000,-36 490
330 000,-200 000,-36 490
330 000,-190 000,-36 490
330 000,-180 000,-36 490
330 000,-170 000,-36 490
330 000,-160 000,-36 490
330 000,-150 000,-36 490
330 000,-140 000,-36 490
330 000,-130 000,016,-35 335,941
330 000,-120 000,008,-35 385,941
330 000,-110 000,-34 575
330 000,-100 000,-33 109,379
330 000,-90 000,-33 418,754
330 000,-80 000,-27 679,688
330 000,-70 000,-26 839,066
330 000,-60 000,008,-18 303,133
330 000,-50 000,-12 845,313
330 000,-40 000,-10 646,875
330 000,-29 999,996,-6 240,621
330 000,-20 000,-3 531,25
330 000,-9 999,996,-3 603,123
330 000,0,-36 490
330 000,9 999,999,493,75
330 000,20 000,006,6 193,754
330 000,30 000,4 746,876
330 000,40 000,664,067
330 000,50 000,-2 553,121
330 000,60 000,-5 771,875
330 000,69 999,992,-11 518,748
330 000,80 000,-35 787,52
330 000,90 000,-36 490
330 000,100 000,-36 490
330 000,110 000,-36 490
330 000,119 999,992,-12 715,643
330 000,130 000,-13 059,376
330 000,140 000,-12 581,251
330 000,149 999,984,-9 539,062
330 000,160 000,-9 123,432
330 000,170 000,016,687,514
330 000,180 000,3 110,938
330 000,190 000,016,5 104,694
330 000,200 000,016,6 176,568
330 000,210 000,016,10 362,507
330 000,220 000,15 506,248
330 000,230 000,031,19 845,314
330 000,240 000,20 814,068
330 000,250 000,21 703,133
330 000,260 000,016,22 292,193
330 000,270 000,25 337,52
330 000,280 000,28 968,752
330 000,290 000,031,33 306,266
330 000,300 000,031,21 568,746
330 000,310 000,12 723,441
330 000,320 000,031,2 698,421
330 000,330 000,031,-3 860,955
330 000,340 000,-10 117,182
330 000,350 000,-21 239,055
330 000,360 000,-23 475
330 000,370 000,031,-25 679,701
330 000,380 000,031,-27 464,09
330 000,390 000,-36 490
330 000,400 000,-36 490
340 000,-400 000,-36 490
340 000,-390 000,-36 490
340 000,-380 000,-36 490
340 000,-370 000,-36 490
340 000,-360 000,-36 490
340 000,-350 000,-36 490
340 000,-340 000,-36 490
340 000,-330 000,-36 490
340 000,-320 000,-36 490
340 000,-310 000,-36 490
340 000,-300 000,-36 490
340 000,-290 000,-36 490
340 000,-280 000,-36 490
340 000,-270 000,-36 490
340 000,-260 000,-36 490
340 000,-250 000,-36 490
340 000,-240 000,-36 490
340 000,-230 000,-36 490
340 000,-220 000,-36 490
340 000,-210 000,-36 490
340 000,-200 000,-36 490
340 000,-190 000,-34 662,492
340 000,-180 000,016,-32 814,059
340 000,-170 000,031,-33 953,121
340 000,-160 000,016,-34 209,375
340 000,-150 000,031,-35 382,812
340 000,-140 000,-36 490
340 000,-130 000,016,-36 479,691
340 000,-120 000,-29 267,242
340 000,-110 000,-33 768,75
340 000,-100 000,-31 692,193
340 000,-90 000,-32 093,752
340 000,-80 000,-31 596,875
340 000,-70 000,-22 253,129
340 000,-60 000,008,-20 570,314
340 000,-50 000,-13 468,751
340 000,-40 000,-8 367,188
340 000,-29 999,996,-3 896,873
340 000,-20 000,-3 728,125
340 000,-9 999,997,-5 914,061
340 000,0,-36 490
340 000,9 999,998,-4 807,812
340 000,20 000,002,-120,311
340 000,29 999,998,-4 068,748
340 000,40 000,-9 612,496
340 000,50 000,-11 107,807
340 000,60 000,-14 562,502
340 000,69 999,992,-15 176,566
340 000,80 000,-36 490
340 000,90 000,-36 490
340 000,100 000,-36 490
340 000,110 000,-36 490
340 000,120 000,-36 490
340 000,130 000,-19 542,189
340 000,140 000,-16 479,688
340 000,149 999,984,-11 639,066
340 000,160 000,-33 164,055
340 000,170 000,016,-4 984,354
340 000,180 000,-7 418,748
340 000,190 000,016,-3 973,432
340 000,200 000,016,-3 078,123
340 000,210 000,016,-49,997
340 000,220 000,4 707,807
340 000,230 000,031,4 693,698
340 000,240 000,8 634,368
340 000,250 000,13 562,502
340 000,260 000,016,18 771,885
340 000,270 000,21 440,637
340 000,280 000,19 810,941
340 000,290 000,031,21 218,758
340 000,300 000,031,11 070,293
340 000,310 000,4 070,32
340 000,320 000,031,-5 710,947
340 000,330 000,031,-9 657,826
340 000,340 000,-17 846,867
340 000,350 000,-23 309,373
340 000,360 000,-24 775,002
340 000,370 000,031,-26 687,512
340 000,380 000,031,-33 701,648
340 000,390 000,-36 490
340 000,400 000,-36 490
350 000,-400 000,-36 490
350 000,-390 000,-36 490
350 000,-380 000,-36 490
350 000,-370 000,-36 490
350 000,-360 000,-36 490
350 000,-350 000,-36 490
350 000,-340 000,-36 490
350 000,-330 000,-36 490
350 000,-320 000,-36 490
350 000,-310 000,-36 490
350 000,-300 000,-36 490
350 000,-290 000,-36 490
350 000,-280 000,-36 490
350 000,-270 000,-36 490
350 000,-260 000,-36 490
350 000,-250 000,-36 490
350 000,-240 000,-36 490
350 000,-230 000,-36 490
350 000,-220 000,-36 490
350 000,-210 000,-36 490
350 000,-200 000,-36 490
350 000,-190 000,-35 070,312
350 000,-180 000,016,-32 904,695
350 000,-170 000,031,-31 639,076
350 000,-160 000,016,-32 200
350 000,-150 000,031,-33 679,633
350 000,-140 000,-35 814,074
350 000,-130 000,016,-35 385,938
350 000,-120 000,008,-35 385,941
350 000,-110 000,-33 906,254
350 000,-100 000,-35 140,629
350 000,-90 000,-34 003,129
350 000,-80 000,008,-32 429,697
350 000,-70 000,-22 462,502
350 000,-60 000,004,-18 931,256
350 000,-50 000,-13 503,127
350 000,-40 000,-11 300
350 000,-29 999,996,-6 856,247
350 000,-20 000,002,-8 387,5
350 000,-9 999,998,-8 535,938
350 000,0,-36 490
350 000,9 999,998,-7 885,937
350 000,20 000,004,-8 284,372
350 000,29 999,996,-10 975,001
350 000,39 999,992,-14 682,813
350 000,49 999,992,-20 425,004
350 000,60 000,-14 785,938
350 000,69 999,992,-19 453,119
350 000,80 000,-36 490
350 000,90 000,-36 490
350 000,100 000,-36 490
350 000,110 000,-36 490
350 000,120 000,-36 490
350 000,130 000,-18 589,064
350 000,140 000,-24 003,123
350 000,149 999,984,-23 392,16
350 000,160 000,-36 490
350 000,170 000,-22 021,854
350 000,179 999,984,-15 225,001
350 000,190 000,016,-13 559,375
350 000,200 000,-12 046,874
350 000,210 000,016,-6 476,561
350 000,220 000,-7 531,254
350 000,230 000,031,-8 737,497
350 000,240 000,-5 610,943
350 000,250 000,-1 517,184
350 000,260 000,016,3 782,817
350 000,269 999,969,9 150,01
350 000,280 000,6 068,75
350 000,290 000,031,7 503,136
350 000,300 000,031,292,164
350 000,310 000,-8 329,682
350 000,320 000,031,-11 003,139
350 000,330 000,031,-17 770,322
350 000,340 000,-20 823,438
350 000,350 000,-25 093,752
350 000,360 000,-26 839,061
350 000,370 000,031,-33 054,789
350 000,380 000,-36 490
350 000,390 000,-36 490
350 000,400 000,-36 490
360 000,-400 000,-36 490
360 000,-390 000,-36 490
360 000,-380 000,-36 490
360 000,-370 000,-36 490
360 000,-360 000,-36 490
360 000,-350 000,-36 490
360 000,-340 000,-36 490
360 000,-330 000,-36 490
360 000,-320 000,-36 490
360 000,-310 000,-36 490
360 000,-300 000,-36 490
360 000,-290 000,-36 490
360 000,-280 000,-36 490
360 000,-270 000,-36 490
360 000,-260 000,-36 490
360 000,-250 000,-36 490
360 000,-240 000,-36 490
360 000,-230 000,-36 490
360 000,-220 000,-36 490
360 000,-210 000,-36 490
360 000,-200 000,-36 490
360 000,-190 000,-35 515,629
360 000,-180 000,016,-34 679,691
360 000,-170 000,031,-32 453,135
360 000,-160 000,016,-31 220,312
360 000,-150 000,031,-32 367,178
360 000,-140 000,-35 142,191
360 000,-130 000,016,-35 385,938
360 000,-120 000,008,-35 385,941
360 000,-110 000,-35 385,941
360 000,-100 000,-35 664,07
360 000,-90 000,-35 676,555
360 000,-80 000,-25 934,375
360 000,-70 000,-24 617,188
360 000,-60 000,008,-16 564,074
360 000,-50 000,-12 717,189
360 000,-40 000,-11 781,25
360 000,-29 999,998,-11 462,498
360 000,-20 000,002,-12 540,625
360 000,-9 999,999,-11 896,874
360 000,0,-36 490
360 000,9 999,996,-13 464,061
360 000,19 999,998,-14 723,438
360 000,29 999,994,-16 765,627
360 000,39 999,992,-18 150,004
360 000,49 999,992,-32 585,91
360 000,60 000,-36 490
360 000,69 999,984,-34 482,852
360 000,80 000,-36 490
360 000,90 000,-36 490
360 000,100 000,-36 490
360 000,110 000,-36 490
360 000,120 000,-36 490
360 000,129 999,992,-34 232,816
360 000,140 000,-20 576,564
360 000,150 000,-36 490
360 000,160 000,-36 490
360 000,170 000,-23 493,746
360 000,179 999,984,-24 326,559
360 000,190 000,-19 140,623
360 000,200 000,-17 895,312
360 000,210 000,-18 135,941
360 000,219 999,984,-22 257,809
360 000,230 000,016,-22 878,125
360 000,239 999,984,-20 046,883
360 000,250 000,-14 043,748
360 000,260 000,-8 968,744
360 000,269 999,969,-3 995,31
360 000,280 000,-5 167,188
360 000,290 000,031,-5 212,511
360 000,300 000,031,-12 292,203
360 000,310 000,-18 290,625
360 000,320 000,031,-20 287,504
360 000,330 000,031,-21 575,004
360 000,340 000,-24 173,438
360 000,350 000,-27 843,738
360 000,360 000,-36 490
360 000,370 000,-36 490
360 000,380 000,-36 490
360 000,390 000,-36 490
360 000,400 000,-36 490
370 000,-400 000,-36 490
370 000,-390 000,-36 490
370 000,-380 000,-36 490
370 000,-370 000,-36 490
370 000,-360 000,-36 490
370 000,-350 000,-36 490
370 000,-340 000,-36 490
370 000,-330 000,-36 490
370 000,-320 000,-36 490
370 000,-310 000,-36 490
370 000,-300 000,-36 490
370 000,-290 000,-36 490
370 000,-280 000,-36 490
370 000,-270 000,-36 490
370 000,-260 000,-36 490
370 000,-250 000,-36 490
370 000,-240 000,-36 490
370 000,-230 000,-36 490
370 000,-220 000,-36 490
370 000,-210 000,-36 490
370 000,-200 000,-36 490
370 000,-190 000,-36 490
370 000,-180 000,016,-35 823,445
370 000,-170 000,031,-32 751,568
370 000,-160 000,016,-33 750,008
370 000,-150 000,031,-34 985,945
370 000,-140 000,-35 585,945
370 000,-130 000,-36 490
370 000,-120 000,008,-35 373,441
370 000,-110 000,-35 334,375
370 000,-100 000,-36 490
370 000,-90 000,-35 284,375
370 000,-80 000,-28 071,879
370 000,-70 000,-22 459,383
370 000,-60 000,008,-17 051,566
370 000,-50 000,-12 473,438
370 000,-40 000,-12 800,001
370 000,-30 000,-12 859,374
370 000,-20 000,004,-12 829,689
370 000,-10 000,003,-17 390,623
370 000,0,-17 812,5
370 000,9 999,994,-18 071,875
370 000,19 999,996,-22 468,75
370 000,29 999,994,-22 920,314
370 000,39 999,992,-24 051,562
370 000,49 999,996,-29 574,98
370 000,60 000,-36 490
370 000,70 000,-36 490
370 000,80 000,-36 490
370 000,90 000,-36 490
370 000,100 000,-36 490
370 000,110 000,-36 490
370 000,120 000,-36 490
370 000,130 000,-36 490
370 000,140 000,-34 020,32
370 000,150 000,-36 490
370 000,160 000,-36 490
370 000,170 000,-29 951,555
370 000,179 999,984,-25 876,564
370 000,190 000,-25 728,125
370 000,200 000,-25 215,629
370 000,210 000,-22 287,506
370 000,219 999,984,-25 734,379
370 000,230 000,016,-25 354,688
370 000,239 999,984,-24 535,941
370 000,250 000,-22 481,25
370 000,260 000,-21 428,125
370 000,269 999,969,-19 657,82
370 000,280 000,-20 268,752
370 000,290 000,031,-21 509,375
370 000,300 000,031,-25 182,84
370 000,310 000,-22 587,502
370 000,320 000,031,-24 600,004
370 000,330 000,031,-29 446,881
370 000,340 000,-36 490
370 000,350 000,-36 490
370 000,360 000,-36 490
370 000,370 000,-36 490
370 000,380 000,-36 490
370 000,390 000,-36 490
370 000,400 000,-36 490
380 000,-400 000,-36 490
380 000,-390 000,-36 490
380 000,-380 000,-36 490
380 000,-370 000,-36 490
380 000,-360 000,-36 490
380 000,-350 000,-36 490
380 000,-340 000,-36 490
380 000,-330 000,-36 490
380 000,-320 000,-36 490
380 000,-310 000,-36 490
380 000,-300 000,-36 490
380 000,-290 000,-36 490
380 000,-280 000,-36 490
380 000,-270 000,-36 490
380 000,-260 000,-36 490
380 000,-250 000,-36 490
380 000,-240 000,-36 490
380 000,-230 000,-36 490
380 000,-220 000,-36 490
380 000,-210 000,-36 490
380 000,-200 000,-36 490
380 000,-190 000,-36 490
380 000,-180 000,016,-35 651,562
380 000,-170 000,031,-34 500
380 000,-160 000,016,-34 537,5
380 000,-150 000,-36 490
380 000,-140 000,-36 490
380 000,-130 000,-36 490
380 000,-120 000,008,-34 756,254
380 000,-110 000,-34 134,383
380 000,-100 000,-36 490
380 000,-90 000,-36 490
380 000,-80 000,-26 156,25
380 000,-70 000,-20 873,439
380 000,-60 000,008,-16 704,688
380 000,-50 000,-12 559,377
380 000,-40 000,-12 849,999
380 000,-29 999,998,-12 234,373
380 000,-20 000,002,-13 721,875
380 000,-10 000,002,-15 662,5
380 000,-0,002,-28 067,186
380 000,9 999,992,-27 654,684
380 000,19 999,996,-28 215,625
380 000,29 999,99,-28 614,066
380 000,39 999,992,-29 237,5
380 000,49 999,992,-30 882,799
380 000,60 000,-36 490
380 000,70 000,-36 490
380 000,80 000,-36 490
380 000,90 000,-36 490
380 000,100 000,-36 490
380 000,110 000,-36 490
380 000,120 000,-36 490
380 000,130 000,-36 490
380 000,140 000,-36 490
380 000,149 999,984,-33 984,332
380 000,160 000,-36 490
380 000,170 000,-30 318,746
380 000,179 999,984,-32 826,566
380 000,190 000,-29 118,752
380 000,200 000,-30 131,254
380 000,210 000,-33 985,945
380 000,220 000,-36 490
380 000,230 000,016,-32 824,91
380 000,239 999,984,-26 307,82
380 000,250 000,-24 651,562
380 000,260 000,-36 490
380 000,270 000,-36 490
380 000,280 000,-36 490
380 000,290 000,-36 490
380 000,300 000,-36 490
380 000,310 000,-36 490
380 000,320 000,-36 490
380 000,330 000,-36 490
380 000,340 000,-36 490
380 000,350 000,-36 490
380 000,360 000,-36 490
380 000,370 000,-36 490
380 000,380 000,-36 490
380 000,390 000,-36 490
380 000,400 000,-36 490
390 000,-400 000,-36 490
390 000,-390 000,-36 490
390 000,-380 000,-36 490
390 000,-370 000,-36 490
390 000,-360 000,-36 490
390 000,-350 000,-36 490
390 000,-340 000,-36 490
390 000,-330 000,-36 490
390 000,-320 000,-36 490
390 000,-310 000,-36 490
390 000,-300 000,-36 490
390 000,-290 000,-36 490
390 000,-280 000,-36 490
390 000,-270 000,-36 490
390 000,-260 000,-36 490
390 000,-250 000,-36 490
390 000,-240 000,-36 490
390 000,-230 000,-36 490
390 000,-220 000,-36 490
390 000,-210 000,-36 490
390 000,-200 000,-36 490
390 000,-190 000,-36 490
390 000,-180 000,-36 490
390 000,-170 000,-36 490
390 000,-160 000,016,-33 328,129
390 000,-150 000,-36 490
390 000,-140 000,-36 490
390 000,-130 000,-36 490
390 000,-120 000,008,-36 301,566
390 000,-110 000,-35 690,633
390 000,-100 000,-36 490
390 000,-90 000,-36 490
390 000,-80 000,008,-34 846,883
390 000,-70 000,008,-35 779,684
390 000,-60 000,008,-20 221,875
390 000,-50 000,004,-21 821,879
390 000,-40 000,-17 214,062
390 000,-29 999,998,-13 576,561
390 000,-20 000,004,-16 032,813
390 000,-10 000,005,-24 623,438
390 000,-0,008,-34 962,504
390 000,9 999,99,-34 207,824
390 000,19 999,994,-31 762,504
390 000,29 999,99,-32 450,012
390 000,39 999,992,-33 537,5
390 000,50 000,-36 490
390 000,60 000,-36 490
390 000,70 000,-36 490
390 000,80 000,-36 490
390 000,90 000,-36 490
390 000,100 000,-36 490
390 000,110 000,-36 490
390 000,120 000,-36 490
390 000,130 000,-36 490
390 000,140 000,-36 490
390 000,150 000,-36 490
390 000,160 000,-36 490
390 000,170 000,-36 490
390 000,180 000,-36 490
390 000,190 000,-35 164,074
390 000,200 000,-36 490
390 000,210 000,-36 490
390 000,220 000,-36 490
390 000,230 000,-36 490
390 000,240 000,-36 490
390 000,250 000,-36 490
390 000,260 000,-36 490
390 000,270 000,-36 490
390 000,280 000,-36 490
390 000,290 000,-36 490
390 000,300 000,-36 490
390 000,310 000,-36 490
390 000,320 000,-36 490
390 000,330 000,-36 490
390 000,340 000,-36 490
390 000,350 000,-36 490
390 000,360 000,-36 490
390 000,370 000,-36 490
390 000,380 000,-36 490
390 000,390 000,-36 490
390 000,400 000,-36 490
400 000,-400 000,-36 490
400 000,-390 000,-36 490
400 000,-380 000,-36 490
400 000,-370 000,-36 490
400 000,-360 000,-36 490
400 000,-350 000,-36 490
400 000,-340 000,-36 490
400 000,-330 000,-36 490
400 000,-320 000,-36 490
400 000,-310 000,-36 490
400 000,-300 000,-36 490
400 000,-290 000,-36 490
400 000,-280 000,-36 490
400 000,-270 000,-36 490
400 000,-260 000,-36 490
400 000,-250 000,-36 490
400 000,-240 000,-36 490
400 000,-230 000,-36 490
400 000,-220 000,-36 490
400 000,-210 000,-36 490
400 000,-200 000,-36 490
400 000,-190 000,-36 490
400 000,-180 000,-36 490
400 000,-170 000,-36 490
400 000,-160 000,-36 490
400 000,-150 000,-36 490
400 000,-140 000,-36 490
400 000,-130 000,-36 490
400 000,-120 000,-36 490
400 000,-110 000,-36 490
400 000,-100 000,-36 490
400 000,-90 000,-36 490
400 000,-80 000,-36 490
400 000,-70 000,-36 490
400 000,-60 000,008,-29 639,062
400 000,-50 000,008,-32 087,506
400 000,-40 000,008,-30 006,254
400 000,-30 000,008,-33 653,129
400 000,-20 000,-36 490
400 000,-10 000,-36 490
400 000,0,-36 490
400 000,10 000,-36 490
400 000,20 000,-36 490
400 000,30 000,-36 490
400 000,40 000,-36 490
400 000,50 000,-36 490
400 000,60 000,-36 490
400 000,70 000,-36 490
400 000,80 000,-36 490
400 000,90 000,-36 490
400 000,100 000,-36 490
400 000,110 000,-36 490
400 000,120 000,-36 490
400 000,130 000,-36 490
400 000,140 000,-36 490
400 000,150 000,-36 490
400 000,160 000,-36 490
400 000,170 000,-36 490
400 000,180 000,-36 490
400 000,190 000,-36 490
400 000,200 000,-36 490
400 000,210 000,-36 490
400 000,220 000,-36 490
400 000,230 000,-36 490
400 000,240 000,-36 490
400 000,250 000,-36 490
400 000,260 000,-36 490
400 000,270 000,-36 490
400 000,280 000,-36 490
400 000,290 000,-36 490
400 000,300 000,-36 490
400 000,310 000,-36 490
400 000,320 000,-36 490
400 000,330 000,-36 490
400 000,340 000,-36 490
400 000,350 000,-36 490
400 000,360 000,-36 490
400 000,370 000,-36 490
400 000,380 000,-36 490
400 000,390 000,-36 490
400 000,400 000,-36 490